"id","name"
"0","dota_base_ability"
"82","bear_empty1"
"83","bear_empty2"
"84","courier_autodeliver"
"212","item_ring_of_aquila"
"275","item_trident"
"276","item_combo_breaker"
"296","tiny_craggy_exterior"
"314","lone_druid_entangling_claws"
"315","special_bonus_unique_invoker_11"
"316","riki_permanent_invisibility"
"318","special_bonus_unique_lich_5"
"319","kunkka_torrent_storm"
"320","enchantress_bunny_hop"
"321","rattletrap_overclocking"
"322","pudge_eject"
"323","special_bonus_unique_vengeful_spirit_7"
"324","special_bonus_unique_earth_spirit_4"
"328","item_mango_tree"
"329","meepo_megameepo_fling"
"332","special_bonus_unique_pudge_5"
"333","lycan_wolf_bite"
"337","luna_lunar_grace"
"338","treant_natures_grasp"
"339","special_bonus_unique_treant_8"
"340","special_bonus_unique_treant_9"
"341","special_bonus_unique_treant_10"
"342","special_bonus_unique_treant_11"
"343","drow_ranger_multishot"
"344","special_bonus_exp_boost_50"
"345","special_bonus_unique_clinkz_6"
"346","special_bonus_unique_enigma_4"
"347","special_bonus_unique_riki_6"
"348","special_bonus_unique_puck_5"
"350","special_bonus_unique_necrophos_5"
"351","special_bonus_unique_alchemist_6"
"353","special_bonus_unique_ember_spirit_6"
"382","special_bonus_unique_snapfire_6"
"384","special_bonus_unique_snapfire_7"
"391","miniboss_radiance"
"393","roshan_halloween_levels"
"394","roshan_halloween_summon"
"395","roshan_halloween_fireball"
"401","special_bonus_unique_lion_5"
"402","special_bonus_unique_nyx_4"
"403","special_bonus_unique_ogre_magi_4"
"404","special_bonus_unique_omniknight_5"
"405","special_bonus_unique_oracle_5"
"406","special_bonus_unique_phoenix_6"
"407","special_bonus_unique_puck_6"
"408","special_bonus_unique_pudge_6"
"409","special_bonus_attack_speed_55"
"410","special_bonus_unique_silencer_6"
"411","special_bonus_unique_skywrath_6"
"412","special_bonus_unique_techies_5"
"413","special_bonus_unique_tinker_5"
"414","special_bonus_unique_tusk_7"
"416","special_bonus_unique_venomancer_7"
"417","special_bonus_unique_witch_doctor_6"
"418","special_bonus_unique_winter_wyvern_5"
"419","juggernaut_swift_slash"
"420","special_bonus_unique_dark_seer_5"
"421","special_bonus_unique_keeper_of_the_light_5"
"422","special_bonus_unique_keeper_of_the_light_6"
"423","special_bonus_unique_lone_druid_11"
"424","special_bonus_unique_ursa_7"
"425","terrorblade_terror_wave"
"426","special_bonus_unique_phoenix_7"
"427","special_bonus_attack_damage_75"
"428","special_bonus_cooldown_reduction_6"
"429","special_bonus_hp_475"
"430","special_bonus_cast_range_325"
"431","special_bonus_evasion_40"
"432","special_bonus_lifesteal_8"
"433","special_bonus_lifesteal_12"
"434","special_bonus_spell_lifesteal_12"
"435","special_bonus_agility_80"
"436","special_bonus_mana_break_15"
"437","special_bonus_strength_11"
"438","special_bonus_mp_275"
"439","special_bonus_corruption_25"
"440","special_bonus_mana_reduction_11"
"441","special_bonus_spell_lifesteal_25"
"442","special_bonus_attack_damage_80"
"443","special_bonus_cast_range_225"
"444","special_bonus_spell_amplify_11"
"445","special_bonus_30_crit_2"
"446","special_bonus_agility_5"
"447","special_bonus_strength_16"
"448","special_bonus_spell_block_18"
"449","special_bonus_reincarnation_300"
"450","special_bonus_attack_base_damage_25"
"451","special_bonus_evasion_8"
"452","special_bonus_evasion_16"
"453","special_bonus_unique_centaur_5"
"454","special_bonus_agility_7"
"455","special_bonus_cleave_140"
"456","special_bonus_spell_amplify_16"
"457","special_bonus_night_vision_800"
"458","special_bonus_hp_650"
"459","special_bonus_unique_doom_7"
"460","special_bonus_attack_damage_200"
"461","special_bonus_unique_enigma_6"
"462","special_bonus_unique_huskar_6"
"463","special_bonus_unique_legion_commander_6"
"464","special_bonus_unique_lifestealer_4"
"465","special_bonus_unique_lion_6"
"466","special_bonus_unique_mars_spear_cooldown"
"467","special_bonus_hp_450"
"468","special_bonus_unique_shadow_shaman_6"
"469","special_bonus_strength_18"
"470","special_bonus_unique_furion_5"
"471","special_bonus_unique_oracle_6"
"472","special_bonus_unique_omniknight_6"
"474","special_bonus_unique_riki_7"
"475","special_bonus_unique_sand_king_4"
"476","special_bonus_unique_bane_5"
"477","special_bonus_unique_wraith_king_9"
"478","special_bonus_attack_speed_110"
"479","special_bonus_unique_terrorblade_5"
"480","special_bonus_unique_night_stalker_3"
"481","special_bonus_attack_range_275"
"482","special_bonus_unique_bloodseeker_5"
"483","special_bonus_unique_phantom_assassin_4"
"484","special_bonus_unique_bounty_hunter_4"
"486","special_bonus_unique_drow_ranger_6"
"487","special_bonus_attack_damage_16"
"488","special_bonus_attack_damage_18"
"489","special_bonus_agility_and_intelligence_6"
"490","special_bonus_unique_phantom_assassin_6"
"491","special_bonus_unique_phantom_assassin_5"
"492","special_bonus_unique_troll_warlord_5"
"493","special_bonus_unique_vengeful_spirit_8"
"494","special_bonus_unique_clinkz_7"
"495","special_bonus_unique_clinkz_8"
"496","special_bonus_attack_base_damage_20"
"497","special_bonus_unique_sand_king_6"
"498","special_bonus_unique_sand_king_7"
"499","special_bonus_unique_lifestealer_5"
"500","special_bonus_unique_snapfire_8"
"501","special_bonus_unique_omniknight_7"
"502","special_bonus_unique_clockwerk_5"
"503","special_bonus_unique_night_stalker_5"
"504","special_bonus_unique_slardar_5"
"505","special_bonus_unique_night_stalker_4"
"506","special_bonus_unique_beastmaster_5"
"507","special_bonus_unique_pudge_7"
"508","special_bonus_unique_grimstroke_6"
"509","special_bonus_unique_leshrac_5"
"510","special_bonus_unique_chaos_knight_5"
"511","special_bonus_spell_amplify_9"
"512","special_bonus_unique_batrider_4"
"513","special_bonus_unique_dark_seer_6"
"514","special_bonus_unique_dark_willow_5"
"515","special_bonus_unique_dark_willow_6"
"516","special_bonus_unique_leshrac_6"
"517","special_bonus_unique_disruptor_7"
"518","special_bonus_unique_rubick_6"
"519","special_bonus_unique_skywrath_7"
"520","special_bonus_unique_enigma_7"
"521","special_bonus_unique_enigma_8"
"522","special_bonus_spell_amplify_7"
"523","special_bonus_unique_clinkz_10"
"524","special_bonus_attack_base_damage_15"
"525","special_bonus_unique_magnus_6"
"526","special_bonus_unique_jakiro_6"
"527","special_bonus_unique_keeper_of_the_light_7"
"528","special_bonus_intelligence_75"
"529","special_bonus_unique_chen_8"
"530","special_bonus_unique_lich_6"
"531","special_bonus_unique_lich_7"
"532","keeper_of_the_light_radiant_bind"
"535","tinker_shrink_ray"
"536","shadow_shaman_serpentine"
"537","brewmaster_primal_split_cancel"
"538","magnataur_greater_shockwave"
"539","leshrac_greater_lightning_storm"
"540","special_bonus_unique_lion_7"
"541","special_bonus_unique_lion_8"
"542","special_bonus_unique_jakiro_7"
"543","antimage_mana_overload"
"544","special_bonus_unique_oracle_7"
"545","special_bonus_unique_mars_rebuke_cooldown"
"546","special_bonus_unique_meepo_5"
"547","meepo_petrify"
"548","special_bonus_attack_base_damage_50"
"549","special_bonus_base_attack_rate_1"
"550","riki_poison_dart"
"551","special_bonus_unique_chen_9"
"552","omniknight_angelic_flight"
"553","jakiro_liquid_ice"
"554","special_bonus_unique_clinkz_9"
"555","special_bonus_unique_witch_doctor_7"
"556","special_bonus_unique_underlord_5"
"557","special_bonus_unique_underlord_6"
"558","special_bonus_unique_tiny_6"
"559","special_bonus_unique_phantom_assassin_7"
"560","special_bonus_unique_dark_seer_7"
"561","grimstroke_ink_over"
"562","special_bonus_unique_axe_5"
"563","special_bonus_unique_phantom_lancer_5"
"564","special_bonus_unique_phantom_lancer_6"
"567","special_bonus_unique_razor_5"
"568","special_bonus_cooldown_reduction_14"
"572","special_bonus_unique_batrider_5"
"579","dazzle_rain_of_vermin"
"580","special_bonus_unique_drow_ranger_7"
"581","centaur_overrun"
"583","special_bonus_unique_clinkz_11"
"584","special_bonus_attack_range_325"
"586","special_bonus_unique_razor_6"
"587","windrunner_focusfire_cancel"
"590","special_bonus_unique_queen_of_pain_3"
"591","special_bonus_unique_dark_seer_8"
"592","venomancer_area_poison"
"594","special_bonus_unique_doom_8"
"595","crystal_maiden_let_it_go"
"601","special_bonus_unique_naga_siren_5"
"602","beastmaster_mark_of_the_beast"
"605","kunkka_tidal_wave"
"611","special_bonus_unique_zeus_4"
"613","special_bonus_unique_beastmaster_6"
"614","special_bonus_unique_clockwerk_6"
"615","special_bonus_unique_centaur_6"
"616","special_bonus_unique_undying_6"
"617","special_bonus_unique_clinkz_12"
"618","special_bonus_unique_meepo_6"
"619","special_bonus_unique_invoker_12"
"620","special_bonus_unique_enigma_9"
"621","special_bonus_unique_lycan_6"
"622","naga_siren_crit"
"623","special_bonus_attack_base_damage_100"
"624","special_bonus_unique_keeper_of_the_light_10"
"625","furion_greater_sprout"
"626","special_bonus_unique_visage_7"
"627","special_bonus_unique_storm_spirit_7"
"628","special_bonus_unique_juggernaut_5"
"629","special_bonus_unique_queen_of_pain_4"
"630","rattletrap_jetpack"
"631","life_stealer_ghoul_frenzy"
"632","witch_doctor_voodoo_switcheroo"
"634","special_bonus_unique_phantom_lancer_7"
"636","special_bonus_mp_regen_amp_10"
"639","broodmother_silken_bola"
"641","zuus_heavenly_jump"
"642","alchemist_berserk_potion"
"643","bristleback_hairball"
"644","special_bonus_unique_dark_seer_10"
"645","special_bonus_unique_viper_5"
"646","special_bonus_unique_brewmaster_6"
"647","rubick_telekinesis_land_self"
"648","ogre_magi_smash"
"649","magnataur_horn_toss"
"650","tinker_defense_matrix"
"651","shredder_flamethrower"
"652","windrunner_gale_force"
"654","special_bonus_unique_brewmaster_5"
"656","omniknight_hammer_of_purity"
"657","special_bonus_unique_keeper_of_the_light_8"
"658","special_bonus_unique_batrider_6"
"659","special_bonus_unique_bristleback_4"
"660","dragon_knight_fireball"
"661","necrolyte_death_seeker"
"662","phantom_assassin_fan_of_knives"
"663","special_bonus_unique_underlord_7"
"664","special_bonus_unique_keeper_of_the_light_11"
"665","special_bonus_unique_antimage_6"
"666","special_bonus_unique_antimage_7"
"667","special_bonus_unique_shadow_demon_8"
"668","slark_fish_bait"
"669","special_bonus_unique_keeper_of_the_light_9"
"670","special_bonus_unique_axe_6"
"671","special_bonus_unique_bane_6"
"672","special_bonus_unique_bane_7"
"673","special_bonus_unique_sven_5"
"681","special_bonus_unique_oracle_8"
"682","storm_spirit_electric_rave"
"683","visage_silent_as_the_grave"
"684","special_bonus_unique_winter_wyvern_6"
"685","special_bonus_unique_arc_warden_6"
"687","dark_seer_normal_punch"
"688","special_bonus_unique_huskar_7"
"689","special_bonus_unique_dark_seer_9"
"690","special_bonus_unique_dark_seer_11"
"693","brewmaster_void_astral_pulse"
"694","sniper_concussive_grenade"
"695","special_bonus_unique_slardar_6"
"696","special_bonus_unique_centaur_7"
"697","special_bonus_unique_dark_seer_12"
"698","special_bonus_unique_death_prophet_5"
"699","terrorblade_demon_zeal"
"700","beastmaster_hawk_dive"
"701","medusa_cold_blooded"
"702","special_bonus_unique_mirana_5"
"703","special_bonus_attack_damage_252"
"704","special_bonus_unique_troll_warlord_7"
"705","special_bonus_unique_grimstroke_7"
"706","special_bonus_attack_base_damage_40"
"708","special_bonus_unique_lion_9"
"709","special_bonus_unique_lifestealer_6"
"710","special_bonus_unique_underlord_8"
"711","special_bonus_unique_lone_druid_12"
"712","special_bonus_unique_magnus_7"
"713","special_bonus_unique_phoenix_8"
"714","special_bonus_unique_batrider_7"
"715","special_bonus_unique_queen_of_pain_5"
"716","special_bonus_unique_sven_7"
"717","special_bonus_unique_viper_6"
"718","special_bonus_unique_tiny_7"
"719","special_bonus_unique_winter_wyvern_7"
"720","special_bonus_unique_bane_8"
"721","special_bonus_unique_silencer_7"
"722","special_bonus_unique_beastmaster_7"
"723","special_bonus_unique_huskar_8"
"724","special_bonus_unique_invoker_13"
"726","special_bonus_hp_375"
"728","troll_warlord_rampage"
"729","slark_depth_shroud"
"730","special_bonus_attributes"
"732","special_bonus_unique_brewmaster_7"
"733","special_bonus_unique_doom_9"
"734","special_bonus_unique_sven_6"
"735","special_bonus_unique_antimage_8"
"736","special_bonus_unique_dark_seer_13"
"737","special_bonus_unique_disruptor_8"
"738","special_bonus_mp_regen_125"
"739","special_bonus_unique_drow_ranger_8"
"740","special_bonus_unique_dragon_knight_7"
"741","special_bonus_unique_wraith_king_10"
"742","special_bonus_unique_dragon_knight_8"
"743","special_bonus_spell_amplify_18"
"744","special_bonus_unique_earthshaker_4"
"745","special_bonus_unique_kunkka_6"
"746","special_bonus_unique_lifestealer_7"
"747","special_bonus_unique_monkey_king_8"
"748","special_bonus_unique_monkey_king_9"
"749","special_bonus_agility_9"
"750","special_bonus_unique_outworld_devourer_5"
"751","special_bonus_unique_queen_of_pain_6"
"752","special_bonus_unique_shadow_demon_9"
"753","special_bonus_status_resistance_10"
"754","special_bonus_unique_tidehunter_5"
"755","special_bonus_unique_treant_12"
"756","special_bonus_unique_treant_13"
"757","special_bonus_unique_templar_assassin_8"
"758","special_bonus_unique_ursa_8"
"759","special_bonus_unique_morphling_9"
"760","special_bonus_unique_shadow_shaman_7"
"761","special_bonus_unique_naga_siren_6"
"762","special_bonus_unique_storm_spirit_8"
"763","special_bonus_unique_sven_8"
"764","special_bonus_unique_warlock_7"
"765","special_bonus_unique_tinker_6"
"766","special_bonus_unique_kunkka_7"
"767","special_bonus_unique_puck_7"
"768","special_bonus_unique_warlock_8"
"769","special_bonus_unique_chen_10"
"770","special_bonus_unique_luna_6"
"771","special_bonus_unique_keeper_of_the_light_12"
"772","special_bonus_unique_crystal_maiden_6"
"773","special_bonus_unique_lina_5"
"774","special_bonus_unique_grimstroke_8"
"775","special_bonus_unique_lich_8"
"776","special_bonus_unique_visage_8"
"777","special_bonus_unique_lion_10"
"778","special_bonus_unique_nyx_5"
"779","special_bonus_unique_bane_9"
"780","special_bonus_unique_dark_willow_7"
"781","special_bonus_unique_lion_11"
"782","special_bonus_unique_riki_8"
"783","special_bonus_movement_speed_percentage_8"
"784","special_bonus_movement_speed_percentage_10"
"785","special_bonus_lifesteal_18"
"786","special_bonus_hp_1000"
"787","special_bonus_unique_rubick_7"
"788","special_bonus_unique_disruptor_9"
"789","special_bonus_unique_dazzle_5"
"790","special_bonus_unique_vengeful_spirit_9"
"791","special_bonus_unique_oracle_9"
"792","special_bonus_spell_lifesteal_40"
"793","special_bonus_unique_shadow_shaman_8"
"794","special_bonus_unique_lycan_7"
"795","special_bonus_unique_riki_9"
"796","special_bonus_unique_weaver_6"
"797","special_bonus_unique_puck_8"
"798","special_bonus_unique_phantom_assassin_9"
"799","special_bonus_unique_night_stalker_6"
"800","special_bonus_mana_reduction_8"
"801","special_bonus_unique_ogre_magi_5"
"802","special_bonus_unique_monkey_king_10"
"803","special_bonus_unique_beastmaster_8"
"804","special_bonus_unique_keeper_of_the_light_14"
"805","special_bonus_unique_underlord_9"
"806","special_bonus_spell_lifesteal_50"
"807","special_bonus_unique_undying_7"
"808","special_bonus_unique_naga_siren_7"
"809","special_bonus_unique_wraith_king_11"
"810","special_bonus_unique_ember_spirit_7"
"811","special_bonus_unique_venomancer_8"
"812","special_bonus_unique_warlock_9"
"813","special_bonus_unique_undying_8"
"814","special_bonus_unique_slark_5"
"815","special_bonus_unique_nevermore_6"
"816","special_bonus_unique_night_stalker_7"
"817","special_bonus_unique_mirana_6"
"818","special_bonus_unique_bloodseeker_6"
"819","special_bonus_unique_bloodseeker_7"
"820","special_bonus_unique_necrophos_6"
"821","special_bonus_unique_slark_6"
"822","special_bonus_unique_monkey_king_11"
"823","special_bonus_unique_mirana_7"
"830","special_bonus_unique_spirit_breaker_4"
"831","special_bonus_movement_speed_percentage_5"
"832","special_bonus_movement_speed_percentage_6"
"833","skywrath_mage_shield_of_the_scion"
"841","special_bonus_unique_chen_11"
"842","abyssal_underlord_portal_warp"
"843","special_bonus_unique_mars_bulwark_speed"
"844","special_bonus_unique_lina_6"
"845","special_bonus_unique_warlock_10"
"846","special_bonus_unique_lycan_8"
"847","special_bonus_unique_luna_7"
"848","special_bonus_unique_luna_8"
"850","special_bonus_unique_clockwerk_7"
"851","special_bonus_unique_clockwerk_8"
"852","special_bonus_unique_slardar_7"
"853","special_bonus_unique_slardar_8"
"856","special_bonus_unique_faceless_void_6"
"857","special_bonus_unique_dawnbreaker_fire_wreath_aoe"
"858","special_bonus_unique_earthshaker_6"
"859","special_bonus_unique_venomancer_poisonsting_regen_reduction"
"860","harpy_scout_take_off"
"861","kobold_tunneler_prospecting"
"862","furbolg_enrage_attack_speed"
"863","furbolg_enrage_damage"
"864","forest_troll_high_priest_heal_amp_aura"
"865","abyssal_underlord_dark_portal"
"866","enraged_wildkin_hurricane"
"867","special_bonus_unique_faceless_void_7"
"868","special_bonus_unique_faceless_void_8"
"869","special_bonus_unique_bounty_hunter_5"
"870","special_bonus_unique_chaos_knight_7"
"871","special_bonus_unique_chaos_knight_6"
"872","special_bonus_unique_chaos_knight_8"
"873","broodmother_sticky_snare"
"874","special_bonus_hp_900"
"875","kobold_disarm"
"876","special_bonus_unique_bounty_hunter_6"
"877","special_bonus_unique_bounty_hunter_7"
"878","special_bonus_unique_bounty_hunter_8"
"879","techies_sticky_bomb"
"880","special_bonus_unique_legion_commander_7"
"881","special_bonus_unique_keeper_of_the_light_13"
"883","special_bonus_unique_mars_rebuke_slow"
"884","special_bonus_unique_mars_bulwark_damage_reduction"
"885","ogre_bruiser_ogre_smash"
"886","techies_reactive_tazer"
"887","fel_beast_haunt"
"888","treant_lifebomb_explode"
"889","berserker_troll_break"
"890","special_bonus_unique_sand_king_8"
"891","special_bonus_unique_nyx_6"
"892","special_bonus_unique_slark_7"
"893","hill_troll_rally"
"894","giant_wolf_intimidate"
"895","omniknight_martyr"
"896","neutral_upgrade"
"897","special_bonus_unique_rubick_8"
"898","gyrocopter_lock_on"
"899","special_bonus_unique_jakiro_8"
"900","special_bonus_unique_broodmother_6"
"901","special_bonus_unique_beastmaster_9"
"902","bloodseeker_blood_mist"
"903","special_bonus_unique_morphling_10"
"904","special_bonus_unique_primal_beast_pulverize_pierces_magic_immunity"
"905","special_bonus_unique_bloodseeker_rupture_charges"
"906","special_bonus_unique_sniper_grenade_self_push"
"909","tinker_warp_grenade"
"912","creep_siege"
"913","creep_piercing"
"914","creep_irresolute"
"915","special_bonus_unique_juggernaut_blade_dance_lifesteal"
"916","shadow_demon_demonic_cleanse"
"917","special_bonus_unique_elder_titan_bonus_spirit_speed"
"918","special_bonus_unique_earthshaker_totem_damage"
"919","clinkz_empty1"
"920","special_bonus_unique_medusa_6"
"921","special_bonus_unique_slark_8"
"922","ancient_rock_golem_weakening_aura"
"923","black_drake_magic_amplification_aura"
"924","special_bonus_unique_terrorblade_6"
"925","special_bonus_unique_legion_commander_8"
"926","special_bonus_unique_furion_6"
"927","special_bonus_unique_furion_7"
"928","special_bonus_unique_sniper_headshot_damage"
"929","special_bonus_unique_nevermore_shadowraze_cooldown"
"932","oracle_rain_of_destiny"
"933","dazzle_good_juju"
"934","special_bonus_unique_zeus_jump_postjump_movespeed"
"935","warpine_raider_seed_shot"
"936","frostbitten_golem_time_warp_aura"
"937","ice_shaman_incendiary_bomb"
"941","bounty_hunter_lookout"
"942","brewmaster_primal_companion"
"943","brewmaster_fire_phase"
"944","lina_flame_cloak"
"951","chen_martyrdom"
"952","special_bonus_unique_chen_12"
"953","crystal_maiden_crystal_clone"
"954","special_bonus_unique_dark_seer_14"
"955","special_bonus_unique_dark_seer_15"
"956","special_bonus_unique_crystal_maiden_frostbite_castrange"
"957","special_bonus_unique_outworld_devourer_astral_castrange"
"958","tidehunter_arm_of_the_deep"
"959","special_bonus_unique_bounty_hunter_9"
"960","special_bonus_unique_brewmaster_8"
"961","special_bonus_unique_lina_7"
"962","special_bonus_unique_lina_8"
"963","special_bonus_unique_tidehunter_9"
"964","special_bonus_unique_tidehunter_10"
"965","special_bonus_unique_queen_of_pain_7"
"966","special_bonus_unique_antimage_manavoid_aoe"
"967","special_bonus_unique_hoodwink_bushwhack_radius"
"970","special_bonus_unique_doom_10"
"971","special_bonus_unique_doom_11"
"972","special_bonus_unique_abaddon_6"
"973","special_bonus_unique_ancient_apparition_8"
"974","special_bonus_unique_axe_7"
"975","special_bonus_unique_arc_warden_7"
"976","batrider_sticky_napalm_application_damage"
"977","special_bonus_unique_earth_spirit_8"
"978","special_bonus_unique_bane_10"
"979","special_bonus_unique_bane_11"
"980","centaur_mount"
"981","enchantress_little_friends"
"982","special_bonus_unique_monkey_king_12"
"983","viper_nose_dive"
"984","special_bonus_unique_viper_7"
"985","special_bonus_unique_viper_8"
"986","venomancer_latent_poison"
"987","spirit_breaker_planar_pocket"
"988","special_bonus_unique_troll_warlord_6"
"989","special_bonus_unique_snapfire_mortimer_kisses_impact_damage"
"991","special_bonus_unique_juggernaut_omnislash_cast_range"
"992","primal_beast_onslaught"
"993","primal_beast_onslaught_release"
"994","primal_beast_trample"
"995","primal_beast_uproar"
"996","primal_beast_pulverize"
"997","furion_curse_of_the_forest"
"999","special_bonus_unique_nevermore_7"
"1001","shadow_demon_disseminate"
"1002","special_bonus_unique_alchemist_7"
"1003","special_bonus_unique_alchemist_8"
"1004","special_bonus_unique_shadow_demon_disseminate_damage"
"1005","beastmaster_drums_of_slom"
"1006","beastmaster_call_of_the_wild_hawk_attack"
"1007","special_bonus_unique_beastmaster_wild_axe_cooldown"
"1008","naga_siren_reel_in"
"1009","special_bonus_unique_naga_siren_net_cooldown"
"1010","special_bonus_unique_troll_warlord_whirling_axes_debuff_duration"
"1011","special_bonus_unique_troll_warlord_battle_trance_movespeed"
"1012","special_bonus_unique_gyrocopter_flak_cannon_bonus_damage"
"1013","special_bonus_unique_juggernaut_omnislash_duration"
"1014","special_bonus_unique_kunkka_ghostship_cooldown"
"1015","special_bonus_unique_kunkka_tidebringer_slow"
"1016","special_bonus_unique_elder_titan_5"
"1018","special_bonus_unique_dazzle_poison_touch_attack_range_bonus"
"1019","special_bonus_unique_grimstroke_soul_chain_reflect_damage"
"1020","special_bonus_unique_mars_rebuke_radius"
"1029","item_super_blink"
"1030","item_pocket_tower"
"1031","special_bonus_unique_mars_bulwark_redirect_chance"
"1033","special_bonus_unique_lifestealer_infest_damage"
"1034","special_bonus_unique_lifestealer_infest_target_bonus"
"1035","special_bonus_unique_lifestealer_rage_armor"
"1036","special_bonus_unique_lifestealer_ghoul_frenzy_miss"
"1037","special_bonus_unique_magnus_reverse_polarity_stats"
"1038","special_bonus_unique_warlock_upheaval_aoe"
"1039","special_bonus_unique_broodmother_7"
"1040","special_bonus_unique_jakiro_dualbreath_slow"
"1041","special_bonus_unique_wraith_king_vampiric_skeleton_duration"
"1042","special_bonus_unique_marci_unleash_speed"
"1043","special_bonus_unique_dragon_knight_9"
"1044","special_bonus_unique_wisp_11"
"1045","special_bonus_unique_medusa_7"
"1046","special_bonus_unique_keeper_of_the_light_illuminate_cooldown"
"1047","special_bonus_unique_sniper_grenade_range"
"1048","special_bonus_unique_night_stalker_hunter_status_resist"
"1049","special_bonus_unique_necrophos_heartstopper_regen_duration"
"1050","special_bonus_unique_necrophos_sadist_heal_bonus"
"1051","special_bonus_unique_nyx_carapace_reflect_duration"
"1052","special_bonus_unique_oracle_fortunes_end_damage"
"1053","special_bonus_unique_pangolier_shield_crash_herostacks"
"1054","special_bonus_unique_pangolier_luckyshot_armor"
"1055","special_bonus_unique_phantom_lancer_doppel_illusion2_amt"
"1056","special_bonus_unique_phantom_lancer_lance_damage"
"1057","special_bonus_unique_puck_orb_damage"
"1058","special_bonus_unique_puck_coil_damage"
"1059","special_bonus_unique_templar_assassin_refraction_damage"
"1060","special_bonus_unique_templar_assassin_refraction_disable_cast"
"1061","special_bonus_unique_zeus_jump_cooldown"
"1062","special_bonus_unique_ursa_earthshock_furyswipes"
"1063","special_bonus_unique_ursa_enrage_radius"
"1064","special_bonus_unique_razor_plasmafield_second_ring"
"1065","special_bonus_unique_razor_static_link_aspd"
"1066","special_bonus_unique_sand_king_burrowstrike_stun"
"1067","special_bonus_unique_vengeful_spirit_missile_castrange"
"1068","special_bonus_unique_vengeful_spirit_swap_damage"
"1069","special_bonus_unique_tinker_defense_matrix_cdr"
"1070","special_bonus_unique_void_spirit_dissimilate_outerring"
"1071","special_bonus_unique_windranger_windrun_undispellable"
"1072","special_bonus_unique_nevermore_raze_procsattacks"
"1073","special_bonus_unique_silencer_glaives_bounces"
"1074","special_bonus_unique_phantom_assassin_strike_aspd"
"1075","special_bonus_unique_hoodwink_scurry_evasion"
"1078","special_bonus_unique_bristleback_5"
"1079","special_bonus_unique_bristleback_6"
"1080","special_bonus_unique_clockwerk_9"
"1081","special_bonus_unique_primal_beast_trample_magic_resist"
"1082","special_bonus_unique_primal_beast_trample_cooldown"
"1083","special_bonus_unique_venomancer_gale_plagueward"
"1084","special_bonus_unique_lion_manadrain_damage"
"1085","special_bonus_unique_slardar_slithereen_crush_stun"
"1086","flagbearer_creep_aura_effect"
"1087","special_bonus_unique_drow_ranger_gust_invis"
"1088","special_bonus_unique_drow_ranger_gust_selfmovespeed"
"1089","special_bonus_magic_resistance_14"
"1102","special_bonus_unique_furion_sprout_treant_duration"
"1103","furion_hedgerow"
"1104","nyx_assassin_jolt"
"1105","venomancer_noxious_plague"
"1108","undying_tombstone_grab"
"1109","meepo_megameepo"
"1110","zuus_lightning_hands"
"1111","special_bonus_unique_arc_warden_8"
"1112","special_bonus_unique_arc_warden_9"
"1113","special_bonus_unique_legion_commander_9"
"1114","furion_arboreal_might"
"1115","ogre_magi_dumb_luck"
"1116","alchemist_corrosive_weaponry"
"1117","brewmaster_void_astral_pull"
"1118","special_bonus_unique_furion_teleportation_max_stacks"
"1119","clinkz_tar_bomb"
"1120","clinkz_strafe"
"1121","drow_ranger_glacier"
"1126","magnus_strength_of_joelrak"
"1129","special_bonus_unique_puck_rift_radius"
"1130","special_bonus_unique_enchantress_enchant_health_damage"
"1131","special_bonus_unique_treant_14"
"1132","special_bonus_unique_primal_beast_trample_unslowable"
"1133","special_bonus_unique_dark_willow_bedlam_targets"
"1134","special_bonus_unique_hoodwink_sharpshooter_damage"
"1135","centaur_work_horse"
"1136","bounty_hunter_wind_walk_ally"
"1137","special_bonus_unique_razor_storm_surge_damage_and_slow"
"1138","special_bonus_unique_marci_lunge_movespeed"
"1139","special_bonus_unique_marci_guardian_damage"
"1140","arc_warden_tempest_recall"
"1141","special_bonus_unique_ancient_apparition_ice_vortex_duration"
"1142","special_bonus_unique_disruptor_consecutive_strike_damage"
"1143","antimage_counterspell_ally"
"1144","lone_druid_spirit_bear_fetch"
"1145","special_bonus_unique_leshrac_pulse_nova_lightning"
"1146","special_bonus_unique_skywrath_arcane_bolt_lifesteal"
"1147","techies_reactive_tazer_stop"
"1148","special_bonus_unique_visage_grave_chill_duration"
"1150","special_bonus_unique_juggernaut_blade_fury_cooldown"
"1151","special_bonus_unique_death_prophet_crypt_swarm_slow"
"1152","special_bonus_unique_lycan_howl_armor"
"1153","special_bonus_attack_speed_90"
"1155","special_bonus_unique_earth_spirit_rolling_boulder_cooldown"
"1165","special_bonus_unique_abaddon_7"
"1169","roshan_revengeroar"
"1170","special_bonus_unique_death_prophet_silence_slow"
"1171","special_bonus_unique_nyx_vendetta_damage"
"1172","special_bonus_unique_bounty_hunter_jinada_no_cooldown"
"1173","seasonal_party_hat"
"1174","special_bonus_unique_enchantress_enchant_armor"
"1175","special_bonus_unique_kunkka_torrent_cooldown"
"1176","special_bonus_unique_legion_commander_pta_movespeed"
"1177","special_bonus_unique_lina_supercharge_stacks"
"1178","special_bonus_unique_lina_dragon_slave_crits"
"1179","special_bonus_unique_queen_of_pain_strike_heal"
"1180","special_bonus_unique_phantom_lancer_phantom_rush_agility"
"1181","special_bonus_unique_ogre_magi_dumb_luck_mana"
"1182","special_bonus_unique_oracle_damage_per_purge"
"1183","special_bonus_unique_shadow_shaman_hex_damage_amp"
"1184","special_bonus_unique_spectre_desolate_radius"
"1185","special_bonus_unique_timbersaw_reactive_armor_regen_per_stack"
"1186","special_bonus_unique_terrorblade_metamorphosis_cooldown"
"1187","special_bonus_unique_storm_spirit_overload_aspd"
"1188","special_bonus_unique_sven_gods_strength_slow_resist"
"1189","special_bonus_unique_axe_culling_blade_speed_duration"
"1190","special_bonus_unique_phoenix_dive_damage"
"1191","special_bonus_unique_pugna_decrepify_ally_movespeed"
"1192","special_bonus_unique_juggernaut_blade_fury_movespeed"
"1193","special_bonus_unique_broodmother_web_hpregen"
"1194","special_bonus_20_crit_2"
"1195","special_bonus_unique_windranger_powershot_slow"
"1196","special_bonus_unique_pangolier_shield_crash_radius"
"1197","special_bonus_unique_vengeful_spirit_wave_of_terror_steal"
"1200","warlock_imp_explode"
"1233","special_bonus_unique_vengeful_spirit_swap_damage_reduction"
"1345","special_bonus_unique_medusa_8"
"1476","beastmaster_hawk_perch"
"2091","item_tier1_token"
"2092","item_tier2_token"
"2093","item_tier3_token"
"2094","item_tier4_token"
"2095","item_tier5_token"
"2610","ability_lamp_use"
"2611","ability_pluck_famango"
"4000","seasonal_ti10_high_five"
"4001","seasonal_ti10_guild_banner"
"4201","ability_scout_bonuses"
"4202","miniboss_unyielding_shield"
"4203","miniboss_reflect"
"4646","tinker_keen_teleport"
"5001","default_attack"
"5002","attribute_bonus"
"5003","antimage_mana_break"
"5004","antimage_blink"
"5005","antimage_spell_shield"
"5006","antimage_mana_void"
"5007","axe_berserkers_call"
"5008","axe_battle_hunger"
"5009","axe_counter_helix"
"5010","axe_culling_blade"
"5011","bane_brain_sap"
"5012","bane_enfeeble"
"5013","bane_fiends_grip"
"5014","bane_nightmare"
"5015","bloodseeker_bloodrage"
"5016","bloodseeker_blood_bath"
"5017","bloodseeker_thirst"
"5018","bloodseeker_rupture"
"5019","drow_ranger_frost_arrows"
"5020","drow_ranger_silence"
"5021","drow_ranger_trueshot"
"5022","drow_ranger_marksmanship"
"5023","earthshaker_fissure"
"5024","earthshaker_enchant_totem"
"5025","earthshaker_aftershock"
"5026","earthshaker_echo_slam"
"5027","juggernaut_blade_dance"
"5028","juggernaut_blade_fury"
"5029","juggernaut_healing_ward"
"5030","juggernaut_omni_slash"
"5031","kunkka_torrent"
"5032","kunkka_tidebringer"
"5033","kunkka_x_marks_the_spot"
"5034","kunkka_return"
"5035","kunkka_ghostship"
"5040","lina_dragon_slave"
"5041","lina_light_strike_array"
"5042","lina_fiery_soul"
"5043","lina_laguna_blade"
"5044","lion_impale"
"5045","lion_voodoo"
"5046","lion_mana_drain"
"5047","lion_finger_of_death"
"5048","mirana_arrow"
"5049","mirana_invis"
"5050","mirana_leap"
"5051","mirana_starfall"
"5052","morphling_waveform"
"5053","morphling_adaptive_strike_agi"
"5054","morphling_morph"
"5055","morphling_morph_agi"
"5056","morphling_morph_str"
"5057","morphling_replicate"
"5058","morphling_morph_replicate"
"5059","nevermore_shadowraze1"
"5060","nevermore_shadowraze2"
"5061","nevermore_shadowraze3"
"5062","nevermore_necromastery"
"5063","nevermore_dark_lord"
"5064","nevermore_requiem"
"5065","phantom_lancer_spirit_lance"
"5066","phantom_lancer_doppelwalk"
"5067","phantom_lancer_juxtapose"
"5068","phantom_lancer_phantom_edge"
"5069","puck_illusory_orb"
"5070","puck_ethereal_jaunt"
"5071","puck_waning_rift"
"5072","puck_phase_shift"
"5073","puck_dream_coil"
"5074","pudge_flesh_heap"
"5075","pudge_meat_hook"
"5076","pudge_rot"
"5077","pudge_dismember"
"5078","shadow_shaman_ether_shock"
"5079","shadow_shaman_voodoo"
"5080","shadow_shaman_shackles"
"5081","shadow_shaman_mass_serpent_ward"
"5082","razor_plasma_field"
"5083","razor_static_link"
"5084","razor_unstable_current"
"5085","razor_eye_of_the_storm"
"5086","skeleton_king_hellfire_blast"
"5087","skeleton_king_vampiric_aura"
"5088","skeleton_king_mortal_strike"
"5089","skeleton_king_reincarnation"
"5090","death_prophet_carrion_swarm"
"5091","death_prophet_silence"
"5092","death_prophet_witchcraft"
"5093","death_prophet_exorcism"
"5094","sven_storm_bolt"
"5095","sven_great_cleave"
"5096","sven_warcry"
"5097","sven_gods_strength"
"5098","storm_spirit_static_remnant"
"5099","storm_spirit_electric_vortex"
"5100","storm_spirit_overload"
"5101","storm_spirit_ball_lightning"
"5102","sandking_burrowstrike"
"5103","sandking_sand_storm"
"5104","sandking_caustic_finale"
"5105","sandking_epicenter"
"5106","tiny_avalanche"
"5107","tiny_toss"
"5108","tiny_tree_grab"
"5109","tiny_grow"
"5110","zuus_arc_lightning"
"5111","zuus_lightning_bolt"
"5112","zuus_static_field"
"5113","zuus_thundergods_wrath"
"5114","slardar_sprint"
"5115","slardar_slithereen_crush"
"5116","slardar_bash"
"5117","slardar_amplify_damage"
"5118","tidehunter_gush"
"5119","tidehunter_kraken_shell"
"5120","tidehunter_anchor_smash"
"5121","tidehunter_ravage"
"5122","vengefulspirit_magic_missile"
"5123","vengefulspirit_command_aura"
"5124","vengefulspirit_wave_of_terror"
"5125","vengefulspirit_nether_swap"
"5126","crystal_maiden_crystal_nova"
"5127","crystal_maiden_frostbite"
"5128","crystal_maiden_brilliance_aura"
"5129","crystal_maiden_freezing_field"
"5130","windrunner_shackleshot"
"5131","windrunner_powershot"
"5132","windrunner_windrun"
"5133","windrunner_focusfire"
"5134","lich_frost_nova"
"5135","lich_frost_armor"
"5136","lich_frost_shield"
"5137","lich_chain_frost"
"5138","witch_doctor_paralyzing_cask"
"5139","witch_doctor_voodoo_restoration"
"5140","witch_doctor_maledict"
"5141","witch_doctor_death_ward"
"5142","riki_smoke_screen"
"5143","riki_blink_strike"
"5144","riki_backstab"
"5145","riki_tricks_of_the_trade"
"5146","enigma_malefice"
"5147","enigma_demonic_conversion"
"5148","enigma_midnight_pulse"
"5149","enigma_black_hole"
"5150","tinker_laser"
"5151","tinker_heat_seeking_missile"
"5152","tinker_march_of_the_machines"
"5153","tinker_rearm"
"5154","sniper_shrapnel"
"5155","sniper_headshot"
"5156","sniper_take_aim"
"5157","sniper_assassinate"
"5158","necrolyte_death_pulse"
"5159","necrolyte_heartstopper_aura"
"5160","necrolyte_sadist"
"5161","necrolyte_reapers_scythe"
"5162","warlock_fatal_bonds"
"5163","warlock_shadow_word"
"5164","warlock_upheaval"
"5165","warlock_rain_of_chaos"
"5166","warlock_golem_flaming_fists"
"5167","warlock_golem_permanent_immolation"
"5168","beastmaster_wild_axes"
"5169","beastmaster_call_of_the_wild"
"5170","beastmaster_hawk_invisibility"
"5171","beastmaster_boar_poison"
"5172","beastmaster_inner_beast"
"5173","queenofpain_shadow_strike"
"5174","queenofpain_blink"
"5175","queenofpain_scream_of_pain"
"5176","queenofpain_sonic_wave"
"5177","beastmaster_primal_roar"
"5178","venomancer_venomous_gale"
"5179","venomancer_poison_sting"
"5180","venomancer_plague_ward"
"5181","venomancer_poison_nova"
"5182","faceless_void_time_walk"
"5183","faceless_void_backtrack"
"5184","faceless_void_time_lock"
"5185","faceless_void_chronosphere"
"5186","pugna_nether_blast"
"5187","pugna_decrepify"
"5188","pugna_nether_ward"
"5189","pugna_life_drain"
"5190","phantom_assassin_stifling_dagger"
"5191","phantom_assassin_phantom_strike"
"5192","phantom_assassin_blur"
"5193","phantom_assassin_coup_de_grace"
"5194","templar_assassin_refraction"
"5195","templar_assassin_meld"
"5196","templar_assassin_psi_blades"
"5197","templar_assassin_psionic_trap"
"5198","templar_assassin_trap"
"5199","templar_assassin_self_trap"
"5200","necronomicon_warrior_last_will"
"5201","necronomicon_warrior_sight"
"5202","necronomicon_warrior_mana_burn"
"5203","necronomicon_archer_mana_burn"
"5204","necronomicon_archer_aoe"
"5205","courier_return_to_base"
"5206","courier_transfer_items"
"5207","courier_return_stash_items"
"5208","courier_take_stash_items"
"5209","courier_shield"
"5210","courier_burst"
"5213","roshan_spell_block"
"5214","roshan_bash"
"5215","roshan_slam"
"5216","roshan_inherent_buffs"
"5217","roshan_devotion"
"5218","viper_poison_attack"
"5219","viper_nethertoxin"
"5220","viper_corrosive_skin"
"5221","viper_viper_strike"
"5222","luna_lucent_beam"
"5223","luna_moon_glaive"
"5224","luna_lunar_blessing"
"5225","luna_eclipse"
"5226","dragon_knight_breathe_fire"
"5227","dragon_knight_dragon_tail"
"5228","dragon_knight_dragon_blood"
"5229","dragon_knight_elder_dragon_form"
"5232","dragon_knight_frost_breath"
"5233","dazzle_poison_touch"
"5234","dazzle_shallow_grave"
"5235","dazzle_shadow_wave"
"5236","dazzle_weave"
"5237","rattletrap_battery_assault"
"5238","rattletrap_power_cogs"
"5239","rattletrap_rocket_flare"
"5240","rattletrap_hookshot"
"5241","leshrac_split_earth"
"5242","leshrac_diabolic_edict"
"5243","leshrac_lightning_storm"
"5244","leshrac_pulse_nova"
"5245","furion_sprout"
"5246","furion_teleportation"
"5247","furion_force_of_nature"
"5248","furion_wrath_of_nature"
"5249","life_stealer_rage"
"5250","life_stealer_feast"
"5251","life_stealer_open_wounds"
"5252","life_stealer_infest"
"5253","life_stealer_consume"
"5255","dark_seer_vacuum"
"5256","dark_seer_ion_shell"
"5257","dark_seer_surge"
"5258","dark_seer_wall_of_replica"
"5259","clinkz_burning_barrage"
"5260","clinkz_searing_arrows"
"5261","clinkz_wind_walk"
"5262","clinkz_death_pact"
"5263","omniknight_purification"
"5264","omniknight_repel"
"5265","omniknight_degen_aura"
"5266","omniknight_guardian_angel"
"5267","enchantress_untouchable"
"5268","enchantress_enchant"
"5269","enchantress_natures_attendants"
"5270","enchantress_impetus"
"5271","huskar_inner_vitality"
"5272","huskar_burning_spear"
"5273","huskar_berserkers_blood"
"5274","huskar_life_break"
"5275","night_stalker_void"
"5276","night_stalker_crippling_fear"
"5277","night_stalker_hunter_in_the_night"
"5278","night_stalker_darkness"
"5279","broodmother_spawn_spiderlings"
"5280","broodmother_spin_web"
"5281","broodmother_incapacitating_bite"
"5282","broodmother_insatiable_hunger"
"5283","broodmother_spawn_spiderite"
"5284","broodmother_poison_sting"
"5285","bounty_hunter_shuriken_toss"
"5286","bounty_hunter_jinada"
"5287","bounty_hunter_wind_walk"
"5288","bounty_hunter_track"
"5289","weaver_the_swarm"
"5290","weaver_shukuchi"
"5291","weaver_geminate_attack"
"5292","weaver_time_lapse"
"5293","kobold_taskmaster_speed_aura"
"5294","centaur_khan_endurance_aura"
"5295","centaur_khan_war_stomp"
"5296","gnoll_assassin_envenomed_weapon"
"5297","jakiro_dual_breath"
"5298","jakiro_ice_path"
"5299","jakiro_liquid_fire"
"5300","jakiro_macropyre"
"5301","ghost_frost_attack"
"5302","polar_furbolg_ursa_warrior_thunder_clap"
"5303","neutral_spell_immunity"
"5304","ogre_magi_frost_armor"
"5305","dark_troll_warlord_ensnare"
"5306","dark_troll_warlord_raise_dead"
"5307","giant_wolf_critical_strike"
"5308","alpha_wolf_critical_strike"
"5309","alpha_wolf_command_aura"
"5310","tornado_tempest"
"5312","enraged_wildkin_tornado"
"5313","enraged_wildkin_toughness_aura"
"5314","satyr_trickster_purge"
"5315","satyr_soulstealer_mana_burn"
"5316","satyr_hellcaller_shockwave"
"5317","satyr_hellcaller_unholy_aura"
"5318","forest_troll_high_priest_heal"
"5319","harpy_storm_chain_lightning"
"5320","batrider_sticky_napalm"
"5321","batrider_flamebreak"
"5322","batrider_firefly"
"5323","batrider_flaming_lasso"
"5324","black_dragon_splash_attack"
"5325","blue_dragonspawn_sorcerer_evasion"
"5326","blue_dragonspawn_overseer_evasion"
"5327","blue_dragonspawn_overseer_devotion_aura"
"5328","chen_penitence"
"5329","chen_test_of_faith"
"5330","chen_holy_persuasion"
"5331","chen_hand_of_god"
"5332","big_thunder_lizard_slam"
"5333","big_thunder_lizard_frenzy"
"5334","spectre_spectral_dagger"
"5335","spectre_desolate"
"5336","spectre_dispersion"
"5337","spectre_haunt"
"5338","spectre_reality"
"5339","doom_bringer_devour"
"5340","doom_bringer_scorched_earth"
"5341","doom_bringer_infernal_blade"
"5342","doom_bringer_doom"
"5343","doom_bringer_empty1"
"5344","doom_bringer_empty2"
"5345","ancient_apparition_cold_feet"
"5346","ancient_apparition_ice_vortex"
"5347","ancient_apparition_chilling_touch"
"5348","ancient_apparition_ice_blast"
"5349","ancient_apparition_ice_blast_release"
"5350","backdoor_protection"
"5351","backdoor_protection_in_base"
"5352","beastmaster_greater_boar_poison"
"5353","spirit_breaker_charge_of_darkness"
"5354","spirit_breaker_empowering_haste"
"5355","spirit_breaker_greater_bash"
"5356","spirit_breaker_nether_strike"
"5357","ursa_earthshock"
"5358","ursa_overpower"
"5359","ursa_fury_swipes"
"5360","ursa_enrage"
"5361","gyrocopter_rocket_barrage"
"5362","gyrocopter_homing_missile"
"5363","gyrocopter_flak_cannon"
"5364","gyrocopter_call_down"
"5365","alchemist_acid_spray"
"5366","alchemist_unstable_concoction"
"5367","alchemist_unstable_concoction_throw"
"5368","alchemist_goblins_greed"
"5369","alchemist_chemical_rage"
"5370","invoker_quas"
"5371","invoker_wex"
"5372","invoker_exort"
"5373","invoker_empty1"
"5374","invoker_empty2"
"5375","invoker_invoke"
"5376","invoker_cold_snap"
"5377","silencer_curse_of_the_silent"
"5378","silencer_glaives_of_wisdom"
"5379","silencer_last_word"
"5380","silencer_global_silence"
"5381","invoker_ghost_walk"
"5382","invoker_tornado"
"5383","invoker_emp"
"5384","invoker_alacrity"
"5385","invoker_chaos_meteor"
"5386","invoker_sun_strike"
"5387","invoker_forge_spirit"
"5388","forged_spirit_melting_strike"
"5389","invoker_ice_wall"
"5390","invoker_deafening_blast"
"5391","obsidian_destroyer_arcane_orb"
"5392","obsidian_destroyer_astral_imprisonment"
"5393","obsidian_destroyer_essence_aura"
"5394","obsidian_destroyer_sanity_eclipse"
"5395","lycan_summon_wolves"
"5396","lycan_howl"
"5397","lycan_feral_impulse"
"5398","lycan_shapeshift"
"5399","lycan_summon_wolves_critical_strike"
"5400","brewmaster_thunder_clap"
"5401","brewmaster_drunken_haze"
"5402","brewmaster_drunken_brawler"
"5403","brewmaster_primal_split"
"5404","brewmaster_earth_hurl_boulder"
"5405","brewmaster_earth_spell_immunity"
"5406","brewmaster_earth_pulverize"
"5407","tidehunter_dead_in_the_water"
"5408","brewmaster_storm_dispel_magic"
"5409","brewmaster_storm_cyclone"
"5410","brewmaster_storm_wind_walk"
"5411","brewmaster_fire_permanent_immolation"
"5412","lone_druid_spirit_bear"
"5413","lone_druid_rabid"
"5414","lone_druid_savage_roar"
"5415","lone_druid_true_form"
"5416","lone_druid_true_form_druid"
"5417","lone_druid_true_form_battle_cry"
"5418","lone_druid_spirit_bear_return"
"5419","lone_druid_spirit_bear_entangle"
"5420","lone_druid_spirit_bear_demolish"
"5421","shadow_demon_disruption"
"5422","shadow_demon_soul_catcher"
"5423","shadow_demon_shadow_poison"
"5424","shadow_demon_shadow_poison_release"
"5425","shadow_demon_demonic_purge"
"5426","chaos_knight_chaos_bolt"
"5427","chaos_knight_reality_rift"
"5428","chaos_knight_chaos_strike"
"5429","chaos_knight_phantasm"
"5430","meepo_earthbind"
"5431","meepo_poof"
"5432","meepo_geostrike"
"5433","meepo_divided_we_stand"
"5434","treant_natures_guise"
"5435","treant_leech_seed"
"5436","treant_living_armor"
"5437","treant_overgrowth"
"5438","ogre_magi_fireblast"
"5439","ogre_magi_ignite"
"5440","ogre_magi_bloodlust"
"5441","ogre_magi_multicast"
"5442","undying_decay"
"5443","undying_soul_rip"
"5444","undying_tombstone"
"5445","undying_tombstone_zombie_aura"
"5446","undying_tombstone_zombie_deathstrike"
"5447","undying_flesh_golem"
"5448","rubick_telekinesis"
"5449","rubick_telekinesis_land"
"5450","rubick_fade_bolt"
"5451","rubick_null_field"
"5452","rubick_spell_steal"
"5453","rubick_empty1"
"5454","rubick_empty2"
"5455","rubick_hidden1"
"5456","rubick_hidden2"
"5457","rubick_hidden3"
"5458","disruptor_thunder_strike"
"5459","disruptor_glimpse"
"5460","disruptor_kinetic_field"
"5461","disruptor_static_storm"
"5462","nyx_assassin_impale"
"5463","nyx_assassin_mana_burn"
"5464","nyx_assassin_spiked_carapace"
"5465","nyx_assassin_vendetta"
"5466","ogre_magi_unrefined_fireblast"
"5467","naga_siren_mirror_image"
"5468","naga_siren_ensnare"
"5469","naga_siren_rip_tide"
"5470","naga_siren_song_of_the_siren"
"5471","keeper_of_the_light_illuminate"
"5472","keeper_of_the_light_mana_leak"
"5473","keeper_of_the_light_chakra_magic"
"5474","keeper_of_the_light_spirit_form"
"5475","keeper_of_the_light_recall"
"5476","keeper_of_the_light_blinding_light"
"5477","keeper_of_the_light_illuminate_end"
"5478","naga_siren_song_of_the_siren_cancel"
"5479","keeper_of_the_light_spirit_form_illuminate"
"5480","visage_grave_chill"
"5481","visage_soul_assumption"
"5482","visage_gravekeepers_cloak"
"5483","visage_summon_familiars"
"5484","visage_summon_familiars_stone_form"
"5485","wisp_tether"
"5486","wisp_spirits"
"5487","wisp_overcharge"
"5488","wisp_relocate"
"5489","wisp_tether_break"
"5490","wisp_spirits_in"
"5491","forest_troll_high_priest_mana_aura"
"5492","courier_go_to_secretshop"
"5493","wisp_spirits_out"
"5494","slark_dark_pact"
"5495","slark_pounce"
"5496","slark_essence_shift"
"5497","slark_shadow_dance"
"5500","lycan_summon_wolves_invisibility"
"5501","keeper_of_the_light_empty1"
"5502","keeper_of_the_light_empty2"
"5503","keeper_of_the_light_spirit_form_illuminate_end"
"5504","medusa_split_shot"
"5505","medusa_mystic_snake"
"5506","medusa_mana_shield"
"5507","medusa_stone_gaze"
"5508","troll_warlord_berserkers_rage"
"5509","troll_warlord_whirling_axes_ranged"
"5510","troll_warlord_whirling_axes_melee"
"5511","troll_warlord_fervor"
"5512","troll_warlord_battle_trance"
"5514","centaur_hoof_stomp"
"5515","centaur_double_edge"
"5516","centaur_return"
"5517","centaur_stampede"
"5518","magnataur_shockwave"
"5519","magnataur_empower"
"5520","magnataur_skewer"
"5521","magnataur_reverse_polarity"
"5522","chen_test_of_faith_teleport"
"5523","bane_nightmare_end"
"5524","shredder_whirling_death"
"5525","shredder_timber_chain"
"5526","shredder_reactive_armor"
"5527","shredder_chakram"
"5528","shredder_return_chakram"
"5529","greevil_magic_missile"
"5530","greevil_cold_snap"
"5531","greevil_decrepify"
"5532","greevil_diabolic_edict"
"5533","greevil_maledict"
"5534","greevil_shadow_strike"
"5535","greevil_laguna_blade"
"5536","greevil_miniboss_black_nightmare"
"5537","greevil_miniboss_black_brain_sap"
"5538","greevil_miniboss_blue_cold_feet"
"5539","greevil_miniboss_blue_ice_vortex"
"5540","greevil_miniboss_red_earthshock"
"5541","greevil_miniboss_red_overpower"
"5542","greevil_miniboss_yellow_ion_shell"
"5543","greevil_miniboss_yellow_surge"
"5544","greevil_miniboss_white_purification"
"5545","greevil_miniboss_white_degen_aura"
"5546","greevil_poison_nova"
"5547","greevil_ice_wall"
"5548","bristleback_viscous_nasal_goo"
"5549","bristleback_quill_spray"
"5550","bristleback_bristleback"
"5551","bristleback_warpath"
"5552","greevil_fatal_bonds"
"5553","greevil_blade_fury"
"5554","greevil_phantom_strike"
"5555","greevil_time_lock"
"5556","greevil_shadow_wave"
"5557","greevil_leech_seed"
"5558","greevil_echo_slam"
"5559","greevil_natures_attendants"
"5560","greevil_bloodlust"
"5561","greevil_purification"
"5562","greevil_flesh_golem"
"5563","greevil_hook"
"5564","greevil_rot"
"5565","tusk_ice_shards"
"5566","tusk_snowball"
"5567","tusk_frozen_sigil"
"5568","tusk_walrus_punch"
"5569","greevil_black_hole"
"5570","greevil_miniboss_green_living_armor"
"5571","greevil_miniboss_green_overgrowth"
"5572","greevil_miniboss_orange_dragon_slave"
"5573","greevil_miniboss_orange_light_strike_array"
"5574","greevil_miniboss_purple_venomous_gale"
"5575","greevil_miniboss_purple_plague_ward"
"5576","greevil_miniboss_sight"
"5577","throw_snowball"
"5578","throw_coal"
"5579","healing_campfire"
"5581","skywrath_mage_arcane_bolt"
"5582","skywrath_mage_concussive_shot"
"5583","skywrath_mage_ancient_seal"
"5584","skywrath_mage_mystic_flare"
"5585","abaddon_death_coil"
"5586","abaddon_aphotic_shield"
"5587","abaddon_frostmourne"
"5588","abaddon_borrowed_time"
"5589","elder_titan_echo_stomp"
"5590","elder_titan_echo_stomp_spirit"
"5591","elder_titan_ancestral_spirit"
"5592","elder_titan_return_spirit"
"5593","elder_titan_natural_order"
"5594","elder_titan_earth_splitter"
"5595","legion_commander_overwhelming_odds"
"5596","legion_commander_press_the_attack"
"5597","legion_commander_moment_of_courage"
"5598","legion_commander_duel"
"5599","techies_land_mines"
"5600","techies_stasis_trap"
"5601","techies_suicide"
"5602","techies_remote_mines"
"5603","ember_spirit_searing_chains"
"5604","ember_spirit_sleight_of_fist"
"5605","ember_spirit_flame_guard"
"5606","ember_spirit_fire_remnant"
"5607","ember_spirit_activate_fire_remnant"
"5608","earth_spirit_boulder_smash"
"5609","earth_spirit_rolling_boulder"
"5610","earth_spirit_geomagnetic_grip"
"5611","earth_spirit_stone_caller"
"5612","earth_spirit_magnetize"
"5613","abyssal_underlord_firestorm"
"5614","abyssal_underlord_pit_of_malice"
"5615","abyssal_underlord_atrophy_aura"
"5616","abyssal_underlord_dark_rift"
"5617","abyssal_underlord_cancel_dark_rift"
"5618","roshan_halloween_spell_block"
"5619","terrorblade_reflection"
"5620","terrorblade_conjure_image"
"5621","terrorblade_metamorphosis"
"5622","terrorblade_sunder"
"5623","phoenix_icarus_dive"
"5624","phoenix_icarus_dive_stop"
"5625","phoenix_fire_spirits"
"5626","phoenix_sun_ray"
"5627","phoenix_sun_ray_stop"
"5628","phoenix_sun_ray_toggle_move"
"5630","phoenix_supernova"
"5631","phoenix_launch_fire_spirit"
"5632","drow_ranger_wave_of_silence"
"5635","techies_focused_detonate"
"5636","techies_remote_mines_self_detonate"
"5637","oracle_fortunes_end"
"5638","oracle_fates_edict"
"5639","oracle_purifying_flames"
"5640","oracle_false_promise"
"5641","tusk_launch_snowball"
"5642","courier_morph"
"5643","broodmother_spin_web_destroy"
"5644","techies_minefield_sign"
"5645","shredder_chakram_2"
"5646","shredder_return_chakram_2"
"5648","earth_spirit_petrify"
"5649","treant_eyes_in_the_forest"
"5650","shoot_firework"
"5651","winter_wyvern_arctic_burn"
"5652","winter_wyvern_splinter_blast"
"5653","winter_wyvern_cold_embrace"
"5654","winter_wyvern_winters_curse"
"5655","life_stealer_control"
"5656","granite_golem_hp_aura"
"5657","life_stealer_empty_1"
"5658","life_stealer_empty_2"
"5659","life_stealer_empty_3"
"5660","life_stealer_empty_4"
"5661","cny_beast_force_attack"
"5662","cny2015_sonic_wave"
"5663","cny2015_black_hole"
"5664","cny2015_chronosphere"
"5665","cny_beast_teleport"
"5666","nyx_assassin_burrow"
"5667","mud_golem_rock_destroy"
"5668","tusk_ice_shards_stop"
"5669","ability_capture"
"5670","mud_golem_hurl_boulder"
"5671","life_stealer_assimilate"
"5672","tusk_walrus_kick"
"5673","nyx_assassin_unburrow"
"5674","morphling_hybrid"
"5675","life_stealer_assimilate_eject"
"5676","courier_take_stash_and_transfer_items"
"5677","arc_warden_flux"
"5678","arc_warden_magnetic_field"
"5679","arc_warden_spark_wraith"
"5680","granite_golem_bash"
"5681","black_dragon_dragonhide_aura"
"5682","big_thunder_lizard_wardrums_aura"
"5683","arc_warden_tempest_double"
"5684","obsidian_destroyer_equilibrium"
"5685","death_prophet_spirit_siphon"
"5686","ancient_golem_rockslide"
"5687","lone_druid_savage_roar_bear"
"5688","mudgolem_cloak_aura"
"5689","black_dragon_fireball"
"5690","invoker_attribute_bonus"
"5691","faceless_void_time_dilation"
"5716","monkey_king_boundless_strike"
"5719","monkey_king_mischief"
"5721","monkey_king_tree_dance"
"5722","monkey_king_untransform"
"5723","monkey_king_jingu_mastery"
"5724","monkey_king_primal_spring"
"5725","monkey_king_wukongs_command"
"5726","monkey_king_primal_spring_early"
"5750","elder_titan_natural_order_spirit"
"5751","muerta_dead_shot"
"5752","muerta_the_calling"
"5753","muerta_gunslinger"
"5754","muerta_pierce_the_veil"
"5755","special_bonus_unique_muerta_dead_shot_charges"
"5756","special_bonus_unique_muerta_dead_shot_damage"
"5757","special_bonus_unique_muerta_dead_shot_range"
"5758","special_bonus_unique_muerta_the_calling_num_revenants"
"5759","special_bonus_unique_muerta_gunslinger_double_shot_chance"
"5760","muerta_parting_shot"
"5761","special_bonus_unique_invoker_ice_wall_dps"
"5762","special_bonus_unique_invoker_additional_chaos_meteors"
"5763","special_bonus_unique_tusk_tag_team_armor_reduction"
"5900","special_bonus_hp_100"
"5901","special_bonus_hp_125"
"5902","special_bonus_hp_150"
"5903","special_bonus_hp_250"
"5904","special_bonus_mp_125"
"5905","special_bonus_mp_150"
"5906","special_bonus_attack_speed_20"
"5907","special_bonus_attack_speed_30"
"5908","special_bonus_attack_speed_60"
"5909","special_bonus_hp_regen_4"
"5910","special_bonus_hp_regen_5"
"5911","special_bonus_hp_regen_8"
"5912","special_bonus_hp_regen_10"
"5913","special_bonus_hp_regen_14"
"5914","special_bonus_hp_regen_15"
"5915","special_bonus_mp_regen_1"
"5916","special_bonus_mp_regen_4"
"5917","special_bonus_movement_speed_15"
"5918","special_bonus_movement_speed_20"
"5919","special_bonus_movement_speed_25"
"5920","special_bonus_all_stats_4"
"5921","special_bonus_all_stats_5"
"5922","special_bonus_all_stats_6"
"5923","special_bonus_all_stats_8"
"5924","special_bonus_intelligence_6"
"5925","special_bonus_intelligence_8"
"5926","special_bonus_intelligence_12"
"5927","special_bonus_strength_5"
"5928","special_bonus_strength_12"
"5929","special_bonus_agility_15"
"5930","special_bonus_armor_3"
"5931","special_bonus_armor_4"
"5932","special_bonus_armor_5"
"5933","special_bonus_armor_6"
"5934","special_bonus_armor_8"
"5935","special_bonus_magic_resistance_5"
"5936","special_bonus_magic_resistance_8"
"5937","special_bonus_magic_resistance_10"
"5938","special_bonus_attack_damage_15"
"5939","special_bonus_attack_damage_30"
"5940","special_bonus_attack_damage_40"
"5941","special_bonus_attack_damage_50"
"5942","special_bonus_attack_damage_70"
"5943","special_bonus_attack_range_100"
"5944","special_bonus_attack_range_125"
"5945","special_bonus_attack_range_200"
"5946","special_bonus_cast_range_50"
"5947","special_bonus_cast_range_75"
"5948","special_bonus_spell_amplify_5"
"5949","special_bonus_spell_amplify_8"
"5950","special_bonus_cooldown_reduction_8"
"5951","special_bonus_cooldown_reduction_15"
"5952","special_bonus_cooldown_reduction_20"
"5953","special_bonus_respawn_reduction_20"
"5954","special_bonus_respawn_reduction_25"
"5955","special_bonus_gold_income_30"
"5956","special_bonus_gold_income_60"
"5957","special_bonus_gold_income_150"
"5958","special_bonus_movement_speed_10"
"5959","special_bonus_hp_200"
"5960","special_bonus_attack_damage_20"
"5961","special_bonus_mp_regen_2"
"5962","special_bonus_agility_20"
"5963","special_bonus_attack_range_150"
"5964","special_bonus_respawn_reduction_30"
"5965","special_bonus_intelligence_10"
"5966","special_bonus_hp_regen_7"
"5968","special_bonus_attack_damage_90"
"5969","special_bonus_hp_regen_6"
"5970","special_bonus_armor_7"
"5971","special_bonus_evasion_10"
"5972","special_bonus_evasion_15"
"5973","special_bonus_evasion_20"
"5974","special_bonus_evasion_25"
"5975","special_bonus_respawn_reduction_15"
"5976","special_bonus_hp_400"
"5977","special_bonus_unique_clockwerk"
"5978","special_bonus_strength_13"
"5979","special_bonus_attack_damage_100"
"5980","special_bonus_mp_regen_6"
"5981","special_bonus_unique_omniknight_1"
"5982","special_bonus_strength_8"
"5983","special_bonus_exp_boost_5"
"5984","special_bonus_strength_25"
"5985","special_bonus_exp_boost_10"
"5986","special_bonus_exp_boost_15"
"5987","special_bonus_exp_boost_25"
"5988","special_bonus_unique_centaur_2"
"5989","special_bonus_spell_amplify_10"
"5990","special_bonus_mp_300"
"5991","special_bonus_intelligence_15"
"5992","special_bonus_attack_range_50"
"5993","special_bonus_hp_300"
"5994","special_bonus_magic_resistance_6"
"5995","special_bonus_intelligence_20"
"5996","special_bonus_spell_amplify_6"
"5998","special_bonus_unique_witch_doctor_1"
"6000","special_bonus_magic_resistance_20"
"6002","special_bonus_strength_3"
"6003","special_bonus_cast_range_100"
"6004","special_bonus_armor_10"
"6005","special_bonus_strength_4"
"6006","special_bonus_mp_250"
"6007","special_bonus_gold_income_90"
"6008","special_bonus_gold_income_120"
"6009","special_bonus_attack_damage_25"
"6010","special_bonus_unique_necrophos"
"6011","special_bonus_agility_13"
"6012","special_bonus_unique_antimage"
"6013","special_bonus_unique_mirana_1"
"6014","special_bonus_agility_8"
"6015","special_bonus_spell_amplify_4"
"6016","special_bonus_attack_speed_25"
"6017","special_bonus_exp_boost_20"
"6018","special_bonus_unique_bounty_hunter"
"6019","special_bonus_unique_underlord"
"6020","special_bonus_attack_speed_50"
"6021","special_bonus_cooldown_reduction_10"
"6022","special_bonus_hp_regen_40"
"6023","special_bonus_unique_pudge_1"
"6024","special_bonus_unique_treant"
"6025","special_bonus_20_bash_2"
"6026","special_bonus_gold_income_180"
"6027","special_bonus_attack_range_75"
"6028","special_bonus_unique_razor"
"6029","special_bonus_agility_10"
"6030","special_bonus_attack_speed_80"
"6031","special_bonus_unique_visage_1"
"6032","special_bonus_cast_range_60"
"6034","special_bonus_hp_175"
"6035","special_bonus_unique_earthshaker"
"6037","special_bonus_attack_speed_100"
"6038","special_bonus_respawn_reduction_35"
"6039","special_bonus_unique_lich_1"
"6040","special_bonus_attack_range_250"
"6041","special_bonus_unique_rubick"
"6042","special_bonus_intelligence_13"
"6045","special_bonus_unique_sven"
"6047","special_bonus_unique_dark_seer"
"6048","special_bonus_strength_6"
"6049","special_bonus_unique_dazzle_1"
"6050","special_bonus_intelligence_25"
"6051","special_bonus_attack_range_300"
"6052","special_bonus_unique_shadow_shaman_1"
"6053","special_bonus_unique_warlock_1"
"6054","special_bonus_unique_warlock_2"
"6055","special_bonus_spell_amplify_15"
"6056","special_bonus_cast_range_150"
"6057","special_bonus_unique_vengeful_spirit_3"
"6058","special_bonus_unique_venomancer"
"6059","special_bonus_respawn_reduction_60"
"6060","special_bonus_intelligence_30"
"6061","special_bonus_spell_lifesteal_70"
"6062","special_bonus_unique_morphling_1"
"6063","special_bonus_unique_leshrac_1"
"6064","special_bonus_unique_jakiro"
"6065","special_bonus_unique_enigma"
"6066","special_bonus_respawn_reduction_40"
"6067","special_bonus_mp_175"
"6068","special_bonus_unique_bane_1"
"6069","special_bonus_unique_bane_2"
"6070","special_bonus_unique_nevermore_2"
"6071","special_bonus_unique_templar_assassin"
"6072","special_bonus_unique_crystal_maiden_1"
"6073","special_bonus_unique_doom_1"
"6074","special_bonus_all_stats_7"
"6077","special_bonus_movement_speed_35"
"6078","special_bonus_lifesteal_20"
"6079","special_bonus_hp_regen_20"
"6080","special_bonus_strength_20"
"6082","special_bonus_unique_brewmaster"
"6083","special_bonus_unique_bristleback"
"6084","special_bonus_unique_furion"
"6085","special_bonus_unique_phoenix_2"
"6086","special_bonus_unique_enchantress_2"
"6087","special_bonus_unique_batrider_1"
"6088","special_bonus_unique_wraith_king_2"
"6089","special_bonus_unique_kunkka"
"6090","special_bonus_unique_dragon_knight"
"6091","special_bonus_magic_resistance_25"
"6092","special_bonus_day_vision_400"
"6093","special_bonus_movement_speed_40"
"6094","special_bonus_mp_200"
"6095","special_bonus_attack_damage_10"
"6096","special_bonus_mp_100"
"6097","special_bonus_unique_invoker_1"
"6098","special_bonus_unique_invoker_2"
"6099","special_bonus_unique_invoker_3"
"6100","special_bonus_unique_abaddon"
"6101","special_bonus_unique_alchemist"
"6102","special_bonus_unique_axe"
"6103","special_bonus_unique_beastmaster"
"6104","special_bonus_unique_clinkz_1"
"6105","special_bonus_unique_juggernaut"
"6106","special_bonus_unique_winter_wyvern_1"
"6107","special_bonus_unique_terrorblade"
"6110","special_bonus_armor_2"
"6111","special_bonus_lifesteal_25"
"6112","special_bonus_attack_damage_120"
"6114","special_bonus_cast_range_200"
"6115","special_bonus_strength_7"
"6116","special_bonus_mp_regen_10"
"6117","special_bonus_intelligence_7"
"6118","special_bonus_attack_speed_10"
"6119","special_bonus_attack_speed_15"
"6120","special_bonus_cast_range_175"
"6121","special_bonus_lifesteal_30"
"6122","special_bonus_status_resistance_15"
"6123","special_bonus_status_resistance_20"
"6124","special_bonus_status_resistance_25"
"6125","spawnlord_aura"
"6126","spawnlord_master_bash"
"6127","special_bonus_unique_luna_2"
"6128","special_bonus_unique_faceless_void"
"6129","special_bonus_unique_night_stalker"
"6130","special_bonus_unique_nyx"
"6131","special_bonus_unique_weaver_2"
"6132","special_bonus_unique_ursa"
"6133","special_bonus_unique_chaos_knight"
"6134","special_bonus_unique_lycan_1"
"6135","special_bonus_all_stats_15"
"6136","special_bonus_armor_9"
"6137","special_bonus_strength_10"
"6138","special_bonus_magic_resistance_15"
"6139","special_bonus_all_stats_12"
"6140","special_bonus_unique_lycan_2"
"6141","special_bonus_movement_speed_30"
"6142","special_bonus_attack_damage_65"
"6144","special_bonus_unique_windranger"
"6145","special_bonus_strength_15"
"6146","special_bonus_unique_phantom_lancer"
"6147","special_bonus_unique_slark"
"6148","special_bonus_unique_spectre"
"6149","special_bonus_unique_spirit_breaker_1"
"6150","special_bonus_agility_25"
"6151","special_bonus_unique_tidehunter"
"6152","special_bonus_unique_tinker"
"6153","special_bonus_unique_tiny"
"6154","special_bonus_unique_troll_warlord"
"6155","special_bonus_unique_undying"
"6156","special_bonus_unique_viper_1"
"6157","special_bonus_unique_zeus"
"6158","special_bonus_lifesteal_10"
"6159","special_bonus_attack_damage_12"
"6160","special_bonus_mp_regen_3"
"6161","special_bonus_cast_range_250"
"6162","special_bonus_spell_amplify_3"
"6164","special_bonus_attack_damage_35"
"6165","special_bonus_unique_viper_2"
"6166","special_bonus_spell_lifesteal_20"
"6167","special_bonus_unique_storm_spirit"
"6168","special_bonus_all_stats_10"
"6169","special_bonus_agility_16"
"6170","special_bonus_agility_14"
"6171","special_bonus_unique_elder_titan"
"6172","special_bonus_unique_ember_spirit_1"
"6173","special_bonus_unique_lifestealer"
"6174","special_bonus_unique_lion"
"6175","special_bonus_armor_15"
"6176","special_bonus_unique_ember_spirit_2"
"6180","special_bonus_unique_luna_1"
"6181","special_bonus_unique_skywrath"
"6182","special_bonus_unique_medusa"
"6183","special_bonus_unique_ogre_magi"
"6184","special_bonus_unique_silencer"
"6185","special_bonus_mp_500"
"6186","special_bonus_attack_range_175"
"6190","special_bonus_cooldown_reduction_12"
"6191","special_bonus_unique_death_prophet"
"6192","special_bonus_unique_phantom_assassin"
"6193","special_bonus_unique_riki_2"
"6194","special_bonus_unique_tusk"
"6195","special_bonus_hp_350"
"6196","special_bonus_attack_speed_35"
"6197","special_bonus_cast_range_125"
"6198","special_bonus_unique_sniper_2"
"6199","special_bonus_unique_magnus"
"6200","special_bonus_unique_weaver_1"
"6201","special_bonus_unique_wraith_king_1"
"6202","special_bonus_unique_drow_ranger_1"
"6203","special_bonus_unique_earth_spirit"
"6204","special_bonus_unique_huskar"
"6205","special_bonus_unique_naga_siren"
"6206","special_bonus_unique_oracle"
"6207","special_bonus_unique_sand_king"
"6208","special_bonus_unique_shadow_demon_1"
"6209","special_bonus_unique_drow_ranger_2"
"6210","special_bonus_attack_speed_40"
"6211","special_bonus_unique_slardar"
"6212","special_bonus_unique_lina_1"
"6213","special_bonus_cast_range_300"
"6214","special_bonus_unique_ancient_apparition_1"
"6215","special_bonus_unique_disruptor"
"6216","special_bonus_unique_gyrocopter_1"
"6217","special_bonus_unique_keeper_of_the_light"
"6218","special_bonus_unique_legion_commander"
"6219","special_bonus_unique_puck"
"6220","special_bonus_unique_pugna_1"
"6221","special_bonus_magic_resistance_30"
"6222","special_bonus_cooldown_reduction_25"
"6223","special_bonus_unique_timbersaw"
"6224","special_bonus_attack_speed_45"
"6225","special_bonus_unique_morphling_2"
"6226","filler_ability"
"6227","special_bonus_unique_phoenix_1"
"6228","special_bonus_vision_200"
"6229","special_bonus_unique_batrider_2"
"6230","special_bonus_unique_bloodseeker"
"6231","special_bonus_unique_clinkz_2"
"6232","special_bonus_unique_dazzle_2"
"6234","special_bonus_unique_crystal_maiden_2"
"6235","special_bonus_hp_500"
"6236","special_bonus_spell_amplify_20"
"6237","special_bonus_unique_vengeful_spirit_2"
"6238","special_bonus_unique_pugna_2"
"6239","special_bonus_evasion_12"
"6240","special_bonus_unique_leshrac_2"
"6241","special_bonus_unique_outworld_devourer"
"6242","special_bonus_unique_mirana_2"
"6243","special_bonus_mp_regen_8"
"6245","special_bonus_unique_pudge_2"
"6247","special_bonus_attack_damage_150"
"6248","special_bonus_intelligence_35"
"6249","special_bonus_movement_speed_45"
"6250","special_bonus_strength_9"
"6251","generic_hidden"
"6252","special_bonus_all_stats_14"
"6253","special_bonus_attack_damage_45"
"6254","special_bonus_mp_350"
"6255","special_bonus_mp_regen_14"
"6257","special_bonus_unique_broodmother_1"
"6258","special_bonus_unique_broodmother_2"
"6259","special_bonus_unique_chen_1"
"6260","special_bonus_unique_chen_2"
"6261","special_bonus_unique_lone_druid_1"
"6262","special_bonus_unique_lone_druid_2"
"6263","special_bonus_unique_lone_druid_3"
"6265","special_bonus_unique_wisp"
"6268","special_bonus_unique_lone_druid_4"
"6269","special_bonus_respawn_reduction_50"
"6270","spawnlord_master_stomp"
"6278","spawnlord_master_freeze"
"6280","special_bonus_unique_drow_ranger_3"
"6281","special_bonus_strength_14"
"6282","special_bonus_unique_techies"
"6285","special_bonus_undefined"
"6286","special_bonus_armor_12"
"6287","special_bonus_unique_arc_warden"
"6288","special_bonus_unique_meepo"
"6289","special_bonus_lifesteal_15"
"6291","special_bonus_unique_ancient_apparition_2"
"6292","special_bonus_unique_lich_2"
"6293","special_bonus_unique_shadow_demon_2"
"6295","special_bonus_unique_shadow_shaman_2"
"6296","special_bonus_unique_spirit_breaker_2"
"6297","special_bonus_unique_winter_wyvern_2"
"6298","special_bonus_unique_witch_doctor_2"
"6299","special_bonus_magic_resistance_12"
"6300","special_bonus_unique_omniknight_2"
"6301","special_bonus_gold_income_240"
"6302","special_bonus_hp_regen_50"
"6303","special_bonus_unique_monkey_king"
"6305","special_bonus_unique_sniper_1"
"6306","special_bonus_movement_speed_50"
"6307","special_bonus_attack_range_400"
"6308","special_bonus_hp_regen_25"
"6309","special_bonus_all_stats_20"
"6310","special_bonus_unique_vengeful_spirit_1"
"6311","special_bonus_hp_275"
"6312","special_bonus_unique_gyrocopter_2"
"6313","special_bonus_unique_lina_2"
"6314","special_bonus_unique_doom_2"
"6316","necrolyte_sadist_stop"
"6317","special_bonus_exp_boost_30"
"6318","special_bonus_gold_income_300"
"6320","special_bonus_unique_visage_2"
"6321","special_bonus_mp_400"
"6322","special_bonus_unique_centaur_1"
"6325","zuus_cloud"
"6326","special_bonus_spell_amplify_12"
"6327","special_bonus_spell_amplify_25"
"6328","courier_transfer_items_to_other_player"
"6329","courier_go_to_enemy_secretshop"
"6330","special_bonus_unique_riki_1"
"6331","special_bonus_unique_enchantress_1"
"6332","special_bonus_intelligence_16"
"6333","courier_go_to_sideshop"
"6334","courier_go_to_sideshop2"
"6339","dark_willow_bramble_maze"
"6340","dark_willow_bedlam"
"6341","dark_willow_shadow_realm"
"6342","dark_willow_cursed_crown"
"6343","pangolier_gyroshell"
"6344","pangolier_swashbuckle"
"6346","pangolier_heartpiercer"
"6350","special_bonus_unique_alchemist_2"
"6351","special_bonus_hp_regen_30"
"6352","special_bonus_unique_ancient_apparition_3"
"6353","special_bonus_unique_antimage_2"
"6354","special_bonus_unique_arc_warden_2"
"6355","special_bonus_movement_speed_75"
"6356","special_bonus_unique_bloodseeker_2"
"6357","special_bonus_unique_bloodseeker_3"
"6358","special_bonus_unique_bounty_hunter_2"
"6359","special_bonus_unique_brewmaster_2"
"6360","special_bonus_unique_bristleback_2"
"6361","special_bonus_unique_broodmother_3"
"6362","special_bonus_unique_broodmother_4"
"6363","special_bonus_unique_chen_3"
"6364","special_bonus_unique_clockwerk_2"
"6365","special_bonus_unique_dark_seer_2"
"6366","special_bonus_attack_damage_60"
"6367","special_bonus_unique_death_prophet_2"
"6368","special_bonus_unique_disruptor_2"
"6369","special_bonus_unique_doom_3"
"6370","special_bonus_unique_doom_4"
"6371","special_bonus_unique_doom_5"
"6372","special_bonus_exp_boost_35"
"6373","special_bonus_movement_speed_60"
"6375","special_bonus_respawn_reduction_45"
"6377","special_bonus_hp_600"
"6378","special_bonus_unique_elder_titan_2"
"6379","special_bonus_unique_enchantress_3"
"6380","special_bonus_unique_huskar_2"
"6381","special_bonus_unique_jakiro_2"
"6382","special_bonus_mp_600"
"6383","special_bonus_unique_morphling_waveform_cooldown"
"6384","special_bonus_cast_range_400"
"6385","special_bonus_unique_kunkka_2"
"6386","special_bonus_magic_resistance_35"
"6387","special_bonus_unique_lich_3"
"6388","special_bonus_unique_lina_3"
"6389","special_bonus_unique_lion_2"
"6390","special_bonus_unique_magnus_2"
"6392","special_bonus_unique_medusa_2"
"6396","special_bonus_attack_damage_55"
"6397","special_bonus_unique_mirana_3"
"6398","special_bonus_unique_naga_siren_2"
"6399","special_bonus_unique_nyx_2"
"6400","special_bonus_unique_phantom_lancer_2"
"6401","special_bonus_unique_phoenix_3"
"6402","special_bonus_unique_puck_2"
"6403","special_bonus_unique_pugna_3"
"6405","special_bonus_hp_225"
"6406","special_bonus_agility_30"
"6407","special_bonus_unique_queen_of_pain"
"6408","special_bonus_unique_razor_2"
"6409","special_bonus_unique_sand_king_2"
"6410","special_bonus_mp_regen_5"
"6411","special_bonus_unique_tusk_2"
"6412","special_bonus_unique_warlock_3"
"6413","special_bonus_unique_windranger_2"
"6414","special_bonus_unique_wraith_king_3"
"6415","special_bonus_hp_700"
"6420","special_bonus_unique_undying_2"
"6421","special_bonus_unique_monkey_king_2"
"6422","special_bonus_movement_speed_100"
"6423","special_bonus_hp_325"
"6425","special_bonus_unique_earthshaker_2"
"6430","special_bonus_agility_40"
"6444","special_bonus_attack_speed_70"
"6445","special_bonus_cooldown_reduction_40"
"6446","special_bonus_gold_income_420"
"6447","special_bonus_exp_boost_40"
"6448","special_bonus_unique_pugna_4"
"6449","special_bonus_unique_legion_commander_2"
"6459","pangolier_gyroshell_stop"
"6461","pangolier_shield_crash"
"6463","special_bonus_unique_pangolier_2"
"6464","special_bonus_unique_dark_willow_1"
"6465","special_bonus_unique_dark_willow_2"
"6470","void_spirit_dissimilate"
"6479","special_bonus_unique_snapfire_5"
"6480","snapfire_scatterblast"
"6482","snapfire_mortimer_kisses"
"6483","snapfire_firesnap_cookie"
"6484","snapfire_gobble_up"
"6485","special_bonus_unique_snapfire_1"
"6486","snapfire_spit_creep"
"6487","special_bonus_unique_snapfire_2"
"6488","snapfire_lil_shredder"
"6489","special_bonus_unique_snapfire_3"
"6490","special_bonus_unique_snapfire_4"
"6491","grimstroke_soul_chain"
"6495","mars_gods_rebuke"
"6500","special_bonus_unique_furion_2"
"6501","special_bonus_unique_zeus_2"
"6502","special_bonus_unique_shadow_shaman_3"
"6503","special_bonus_armor_20"
"6504","special_bonus_mp_225"
"6505","special_bonus_unique_warlock_4"
"6506","special_bonus_unique_pudge_3"
"6507","special_bonus_unique_magnus_3"
"6508","special_bonus_unique_lone_druid_5"
"6509","special_bonus_unique_lina_4"
"6510","special_bonus_unique_enigma_2"
"6511","special_bonus_unique_earthshaker_3"
"6512","special_bonus_unique_clockwerk_3"
"6513","special_bonus_spell_lifesteal_30"
"6514","special_bonus_unique_earth_spirit_2"
"6515","special_bonus_unique_enchantress_4"
"6516","special_bonus_unique_brewmaster_3"
"6517","special_bonus_unique_beastmaster_2"
"6518","special_bonus_unique_zeus_3"
"6519","special_bonus_unique_lycan_3"
"6520","special_bonus_unique_crystal_maiden_3"
"6521","special_bonus_unique_shadow_shaman_4"
"6522","special_bonus_unique_visage_3"
"6523","special_bonus_unique_winter_wyvern_3"
"6524","special_bonus_unique_witch_doctor_3"
"6526","special_bonus_unique_legion_commander_3"
"6527","special_bonus_unique_keeper_of_the_light_2"
"6528","special_bonus_unique_dazzle_3"
"6530","special_bonus_unique_sand_king_3"
"6531","special_bonus_unique_treant_2"
"6532","special_bonus_unique_venomancer_2"
"6534","special_bonus_unique_ancient_apparition_4"
"6535","special_bonus_unique_chen_4"
"6536","special_bonus_unique_disruptor_3"
"6537","special_bonus_unique_wisp_2"
"6538","special_bonus_unique_jakiro_3"
"6539","special_bonus_unique_furion_3"
"6540","special_bonus_unique_oracle_2"
"6541","special_bonus_unique_pugna_5"
"6542","special_bonus_unique_shadow_demon_3"
"6543","special_bonus_unique_spirit_breaker_3"
"6545","special_bonus_unique_templar_assassin_2"
"6546","special_bonus_unique_undying_3"
"6550","special_bonus_spell_lifesteal_15"
"6552","special_bonus_unique_techies_2"
"6553","special_bonus_attack_damage_400"
"6555","special_bonus_attack_speed_140"
"6556","special_bonus_attack_damage_250"
"6560","special_bonus_spell_lifesteal_13"
"6561","special_bonus_cooldown_reduction_30"
"6562","special_bonus_unique_windranger_3"
"6563","elder_titan_move_spirit"
"6564","special_bonus_spell_lifesteal_10"
"6565","special_bonus_spell_lifesteal_8"
"6566","special_bonus_unique_wraith_king_4"
"6567","special_bonus_intelligence_14"
"6575","special_bonus_spell_lifesteal_60"
"6582","mars_bulwark"
"6583","mars_spear"
"6584","special_bonus_unique_mars_spear_stun_duration"
"6598","mars_arena_of_blood"
"6600","special_bonus_unique_lion_3"
"6601","special_bonus_unique_abaddon_2"
"6602","special_bonus_unique_abaddon_3"
"6603","special_bonus_cleave_20"
"6604","special_bonus_unique_alchemist_3"
"6605","special_bonus_attack_speed_160"
"6606","special_bonus_unique_antimage_3"
"6607","special_bonus_unique_antimage_4"
"6608","special_bonus_unique_axe_2"
"6609","special_bonus_unique_bane_3"
"6610","special_bonus_unique_batrider_3"
"6611","special_bonus_unique_beastmaster_3"
"6612","special_bonus_unique_beastmaster_4"
"6613","special_bonus_evasion_50"
"6614","special_bonus_unique_brewmaster_4"
"6615","special_bonus_unique_bristleback_3"
"6616","special_bonus_unique_centaur_3"
"6617","special_bonus_unique_centaur_4"
"6618","special_bonus_unique_chaos_knight_2"
"6619","special_bonus_unique_chaos_knight_3"
"6620","special_bonus_unique_clinkz_3"
"6622","special_bonus_attack_speed_200"
"6623","special_bonus_attack_speed_225"
"6624","special_bonus_unique_dark_seer_3"
"6626","special_bonus_unique_dazzle_4"
"6628","special_bonus_unique_death_prophet_3"
"6629","special_bonus_haste"
"6630","special_bonus_unique_disruptor_4"
"6631","special_bonus_cleave_60"
"6633","special_bonus_strength_40"
"6634","special_bonus_unique_drow_ranger_4"
"6635","special_bonus_unique_dragon_knight_2"
"6640","special_bonus_unique_earth_spirit_3"
"6641","special_bonus_magic_resistance_50"
"6645","special_bonus_armor_30"
"6646","special_bonus_spell_immunity"
"6647","special_bonus_unique_ember_spirit_3"
"6648","special_bonus_unique_enchantress_5"
"6649","special_bonus_unique_enigma_3"
"6650","special_bonus_attack_speed_120"
"6651","special_bonus_unique_faceless_void_2"
"6652","special_bonus_unique_gyrocopter_3"
"6653","special_bonus_unique_gyrocopter_4"
"6654","special_bonus_unique_gyrocopter_5"
"6655","special_bonus_unique_huskar_3"
"6656","special_bonus_unique_invoker_4"
"6657","special_bonus_unique_invoker_5"
"6659","special_bonus_unique_wisp_3"
"6660","special_bonus_hp_regen_80"
"6661","special_bonus_unique_jakiro_4"
"6662","special_bonus_unique_juggernaut_2"
"6663","special_bonus_magic_resistance_40"
"6665","special_bonus_unique_keeper_of_the_light_3"
"6666","special_bonus_unique_kunkka_3"
"6667","special_bonus_unique_kunkka_4"
"6670","special_bonus_unique_nevermore_1"
"6671","special_bonus_unique_legion_commander_4"
"6672","special_bonus_unique_leshrac_3"
"6676","special_bonus_unique_lifestealer_2"
"6677","special_bonus_reincarnation_200"
"6678","special_bonus_unique_lion_4"
"6679","special_bonus_unique_lone_druid_6"
"6680","special_bonus_unique_lone_druid_7"
"6682","special_bonus_unique_luna_3"
"6684","special_bonus_unique_lycan_4"
"6685","special_bonus_unique_lycan_5"
"6686","special_bonus_mp_1000"
"6687","special_bonus_unique_medusa_3"
"6689","special_bonus_unique_meepo_2"
"6690","special_bonus_unique_magnus_4"
"6691","special_bonus_unique_magnus_5"
"6692","special_bonus_unique_mirana_4"
"6695","special_bonus_mana_break_40"
"6696","special_bonus_unique_monkey_king_3"
"6697","special_bonus_unique_monkey_king_4"
"6698","special_bonus_unique_morphling_3"
"6700","special_bonus_evasion_30"
"6701","special_bonus_unique_naga_siren_3"
"6702","special_bonus_unique_furion_4"
"6703","special_bonus_unique_necrophos_2"
"6704","special_bonus_unique_night_stalker_2"
"6705","special_bonus_agility_100"
"6706","special_bonus_movement_speed_90"
"6707","special_bonus_unique_ogre_magi_2"
"6708","special_bonus_strength_30"
"6709","special_bonus_unique_omniknight_3"
"6710","special_bonus_unique_oracle_3"
"6711","special_bonus_unique_outworld_devourer_2"
"6712","special_bonus_unique_outworld_devourer_3"
"6720","special_bonus_unique_elder_titan_3"
"6721","special_bonus_lifesteal_100"
"6730","special_bonus_hp_regen_12"
"6756","special_bonus_unique_mars_gods_rebuke_extra_crit"
"6759","special_bonus_unique_mars_spear_bonus_damage"
"6766","special_bonus_unique_mars_arena_of_blood_hp_regen"
"6800","special_bonus_unique_antimage_5"
"6801","special_bonus_cleave_25"
"6803","special_bonus_unique_medusa_4"
"6804","special_bonus_cooldown_reduction_50"
"6805","special_bonus_unique_death_prophet_4"
"6806","special_bonus_unique_lone_druid_8"
"6807","special_bonus_unique_faceless_void_3"
"6808","special_bonus_unique_wisp_4"
"6809","special_bonus_unique_bloodseeker_4"
"6810","special_bonus_unique_ancient_apparition_5"
"6811","special_bonus_unique_invoker_6"
"6812","special_bonus_unique_disruptor_5"
"6814","special_bonus_unique_nyx_3"
"6815","special_bonus_unique_axe_3"
"6816","special_bonus_mp_800"
"6817","special_bonus_spell_lifesteal_6"
"6819","special_bonus_unique_viper_3"
"6820","special_bonus_unique_viper_4"
"6821","special_bonus_unique_wraith_king_5"
"6822","special_bonus_unique_wraith_king_6"
"6825","special_bonus_mana_break_35"
"6826","special_bonus_unique_bane_4"
"6827","special_bonus_cleave_100"
"6830","special_bonus_mana_break_25"
"6840","special_bonus_unique_morphling_4"
"6845","special_bonus_cleave_15"
"6846","special_bonus_corruption_5"
"6847","special_bonus_unique_phantom_assassin_2"
"6848","special_bonus_unique_phantom_assassin_3"
"6849","special_bonus_unique_phantom_lancer_3"
"6850","special_bonus_unique_phantom_lancer_4"
"6851","special_bonus_24_crit_2"
"6852","special_bonus_unique_phoenix_4"
"6855","special_bonus_unique_puck_3"
"6856","special_bonus_unique_queen_of_pain_2"
"6859","special_bonus_unique_pugna_6"
"6860","special_bonus_unique_razor_3"
"6861","special_bonus_unique_razor_4"
"6862","special_bonus_unique_rubick_2"
"6863","special_bonus_unique_rubick_3"
"6864","special_bonus_unique_rubick_4"
"6865","special_bonus_unique_riki_3"
"6866","special_bonus_unique_riki_4"
"6867","special_bonus_unique_riki_5"
"6870","special_bonus_unique_rubick_5"
"6872","special_bonus_unique_sand_king_5"
"6873","special_bonus_unique_shadow_demon_4"
"6874","special_bonus_magic_resistance_100"
"6875","special_bonus_unique_nevermore_3"
"6876","special_bonus_unique_nevermore_4"
"6877","special_bonus_unique_shadow_shaman_5"
"6878","special_bonus_unique_silencer_2"
"6879","special_bonus_unique_silencer_3"
"6880","special_bonus_unique_silencer_4"
"6882","special_bonus_evasion_75"
"6884","special_bonus_unique_skywrath_2"
"6885","special_bonus_unique_skywrath_3"
"6886","special_bonus_unique_skywrath_4"
"6888","special_bonus_night_vision_1000"
"6889","special_bonus_unique_slardar_2"
"6890","special_bonus_unique_slardar_3"
"6892","special_bonus_unique_slark_2"
"6893","special_bonus_unique_slark_3"
"6894","special_bonus_unique_slark_4"
"6896","special_bonus_unique_sniper_3"
"6897","special_bonus_unique_sniper_4"
"6900","special_bonus_unique_spectre_2"
"6901","special_bonus_unique_spectre_3"
"6902","special_bonus_unique_spectre_4"
"6903","special_bonus_unique_spectre_5"
"6905","special_bonus_hp_800"
"6906","special_bonus_unique_storm_spirit_2"
"6907","special_bonus_unique_storm_spirit_3"
"6908","special_bonus_unique_storm_spirit_4"
"6910","special_bonus_unique_sven_2"
"6911","special_bonus_unique_sven_3"
"6912","special_bonus_unique_nevermore_5"
"6915","special_bonus_unique_phoenix_5"
"6916","special_bonus_unique_storm_spirit_5"
"6920","special_bonus_night_vision_400"
"6921","special_bonus_unique_skywrath_5"
"6922","special_bonus_truestrike"
"6924","special_bonus_unique_wisp_5"
"6926","special_bonus_mp_regen_175"
"6927","special_bonus_unique_morphling_5"
"6930","special_bonus_cast_range_350"
"6932","special_bonus_unique_tiny_2"
"6933","special_bonus_unique_tiny_3"
"6934","special_bonus_unique_tiny_4"
"6937","tiny_toss_tree"
"6938","special_bonus_unique_templar_assassin_3"
"6939","special_bonus_unique_templar_assassin_4"
"6940","special_bonus_unique_templar_assassin_5"
"6942","special_bonus_unique_terrorblade_2"
"6943","special_bonus_unique_terrorblade_3"
"6945","special_bonus_unique_tidehunter_2"
"6946","special_bonus_unique_tidehunter_3"
"6947","special_bonus_unique_tidehunter_4"
"6948","special_bonus_unique_timbersaw_2"
"6949","special_bonus_unique_timbersaw_3"
"6951","special_bonus_unique_timbersaw_4"
"6952","special_bonus_unique_tinker_2"
"6953","special_bonus_unique_tinker_3"
"6955","special_bonus_unique_treant_3"
"6956","special_bonus_unique_treant_4"
"6957","special_bonus_unique_treant_5"
"6958","special_bonus_unique_troll_warlord_2"
"6959","special_bonus_unique_troll_warlord_3"
"6960","special_bonus_unique_troll_warlord_4"
"6961","special_bonus_unique_tusk_3"
"6962","special_bonus_unique_tusk_4"
"6963","special_bonus_unique_tusk_5"
"6965","special_bonus_magic_resistance_80"
"6967","special_bonus_unique_underlord_2"
"6968","special_bonus_unique_underlord_3"
"6969","special_bonus_unique_underlord_4"
"6970","special_bonus_unique_oracle_4"
"6971","special_bonus_unique_undying_4"
"6972","special_bonus_unique_undying_5"
"6973","special_bonus_unique_ursa_2"
"6974","special_bonus_unique_ursa_3"
"6975","special_bonus_unique_ursa_4"
"6976","special_bonus_unique_ursa_5"
"6977","special_bonus_unique_vengeful_spirit_4"
"6978","special_bonus_unique_vengeful_spirit_5"
"6979","special_bonus_unique_venomancer_3"
"6980","special_bonus_unique_venomancer_4"
"6981","special_bonus_unique_venomancer_5"
"6982","special_bonus_unique_warlock_5"
"6983","special_bonus_unique_visage_4"
"6984","special_bonus_unique_visage_5"
"6985","special_bonus_unique_visage_6"
"6986","special_bonus_unique_warlock_6"
"6987","special_bonus_mana_break_20"
"6988","special_bonus_unique_weaver_3"
"6989","special_bonus_unique_weaver_4"
"6990","special_bonus_unique_weaver_5"
"6991","special_bonus_unique_axe_4"
"6992","special_bonus_unique_windranger_4"
"6993","special_bonus_unique_windranger_5"
"6994","special_bonus_unique_winter_wyvern_4"
"6995","special_bonus_unique_witch_doctor_4"
"6996","special_bonus_unique_witch_doctor_5"
"6997","special_bonus_unique_techies_3"
"6998","special_bonus_unique_techies_4"
"6999","special_bonus_unique_venomancer_6"
"7000","morphling_adaptive_strike_str"
"7001","special_bonus_unique_faceless_void_4"
"7002","special_bonus_unique_shadow_demon_5"
"7005","special_bonus_unique_tiny_5"
"7010","special_bonus_unique_omniknight_4"
"7011","special_bonus_corruption_4"
"7012","special_bonus_unique_lifestealer_3"
"7016","special_bonus_unique_invoker_7"
"7017","special_bonus_unique_invoker_8"
"7018","special_bonus_unique_vengeful_spirit_6"
"7019","special_bonus_night_vision_600"
"7020","special_bonus_attack_speed_250"
"7021","special_bonus_unique_juggernaut_3"
"7022","special_bonus_night_vision_500"
"7024","special_bonus_unique_monkey_king_5"
"7025","special_bonus_unique_monkey_king_6"
"7027","special_bonus_unique_meepo_3"
"7028","special_bonus_unique_clockwerk_4"
"7029","special_bonus_unique_naga_siren_4"
"7030","special_bonus_unique_ogre_magi_3"
"7034","special_bonus_spell_block_15"
"7035","special_bonus_spell_block_20"
"7036","special_bonus_unique_lone_druid_9"
"7038","special_bonus_unique_monkey_king_7"
"7039","special_bonus_attack_damage_251"
"7040","special_bonus_unique_bounty_hunter_3"
"7042","special_bonus_unique_crystal_maiden_4"
"7045","special_bonus_20_crit_15"
"7046","special_bonus_unique_dark_seer_4"
"7047","special_bonus_unique_luna_4"
"7048","special_bonus_unique_silencer_5"
"7050","special_bonus_unique_ember_spirit_4"
"7051","special_bonus_unique_ember_spirit_5"
"7052","special_bonus_unique_morphling_6"
"7054","special_bonus_unique_alchemist_4"
"7055","special_bonus_unique_luna_5"
"7056","special_bonus_unique_morphling_7"
"7057","special_bonus_unique_puck_4"
"7058","special_bonus_unique_templar_assassin_6"
"7059","special_bonus_mp_700"
"7060","special_bonus_unique_morphling_8"
"7061","special_bonus_unique_shadow_demon_6"
"7062","special_bonus_unique_windranger_6"
"7070","special_bonus_unique_wisp_6"
"7071","special_bonus_unique_wisp_8"
"7072","special_bonus_unique_wisp_9"
"7073","special_bonus_unique_wisp_10"
"7101","special_bonus_unique_leshrac_4"
"7102","special_bonus_unique_meepo_4"
"7103","special_bonus_unique_treant_6"
"7104","special_bonus_unique_arc_warden_3"
"7105","special_bonus_unique_arc_warden_4"
"7106","special_bonus_unique_ancient_apparition_6"
"7107","special_bonus_unique_wraith_king_7"
"7108","special_bonus_unique_wraith_king_8"
"7109","special_bonus_cooldown_reduction_65"
"7110","special_bonus_unique_necrophos_3"
"7111","special_bonus_unique_necrophos_4"
"7112","special_bonus_unique_sven_4"
"7113","special_bonus_unique_dragon_knight_3"
"7114","special_bonus_unique_dragon_knight_4"
"7115","special_bonus_unique_treant_7"
"7116","visage_stone_form_self_cast"
"7117","special_bonus_cast_range_275"
"7118","special_bonus_unique_shadow_demon_7"
"7120","special_bonus_unique_arc_warden_5"
"7122","special_bonus_cleave_30"
"7123","special_bonus_unique_doom_6"
"7124","special_bonus_cleave_150"
"7125","special_bonus_exp_boost_60"
"7130","special_bonus_movement_speed_65"
"7131","special_bonus_unique_kunkka_5"
"7132","special_bonus_mp_regen_150"
"7133","special_bonus_unique_ursa_6"
"7135","special_bonus_strength_35"
"7140","special_bonus_unique_huskar_4"
"7141","special_bonus_unique_gyrocopter_6"
"7142","special_bonus_unique_pudge_4"
"7143","special_bonus_unique_huskar_5"
"7144","special_bonus_unique_alchemist_5"
"7145","special_bonus_50_crit_40"
"7148","special_bonus_unique_invoker_9"
"7188","special_bonus_hp_regen_16"
"7200","special_bonus_cleave_40"
"7201","special_bonus_cleave_130"
"7230","beastmaster_call_of_the_wild_boar"
"7231","beastmaster_call_of_the_wild_hawk"
"7246","grimstroke_return"
"7300","huskar_inner_fire"
"7301","spirit_breaker_bulldoze"
"7304","dazzle_bad_juju"
"7306","chen_divine_favor"
"7307","pangolier_lucky_shot"
"7308","lone_druid_spirit_bear_defender"
"7309","lone_druid_spirit_link"
"7310","brewmaster_cinder_brew"
"7311","lich_dark_sorcery"
"7312","lich_frost_aura"
"7314","antimage_counterspell"
"7316","keeper_of_the_light_will_o_wisp"
"7318","meepo_ransack"
"7319","clinkz_burning_army"
"7320","rubick_arcane_supremacy"
"7322","tusk_tag_team"
"7323","omniknight_pacify"
"7325","lich_sinister_gaze"
"7335","special_bonus_unique_abaddon_4"
"7340","special_bonus_unique_abaddon_5"
"7350","special_bonus_unique_elder_titan_4"
"7360","special_bonus_unique_lich_4"
"7370","special_bonus_attack_base_damage_45"
"7371","special_bonus_unique_templar_assassin_7"
"7372","special_bonus_attack_base_damage_30"
"7375","special_bonus_unique_outworld_devourer_4"
"7380","special_bonus_unique_dragon_knight_5"
"7381","special_bonus_unique_dragon_knight_6"
"7382","special_bonus_unique_lone_druid_10"
"7383","special_bonus_corruption_3"
"7384","special_bonus_agility_6"
"7385","special_bonus_reincarnation_250"
"7386","special_bonus_agility_12"
"7388","special_bonus_unique_faceless_void_5"
"7389","special_bonus_unique_medusa_5"
"7390","special_bonus_unique_invoker_10"
"7394","special_bonus_unique_juggernaut_4"
"7395","special_bonus_unique_legion_commander_5"
"7396","special_bonus_unique_sniper_5"
"7398","special_bonus_unique_keeper_of_the_light_4"
"7401","special_bonus_spell_amplify_14"
"7422","ancient_apparition_ice_age"
"7472","special_bonus_cast_speed_30"
"7651","special_bonus_unique_chaos_knight_4"
"7652","special_bonus_unique_ancient_apparition_7"
"7653","special_bonus_unique_chen_7"
"7654","special_bonus_unique_crystal_maiden_5"
"7655","special_bonus_unique_dark_willow_4"
"7656","special_bonus_unique_disruptor_6"
"7657","special_bonus_unique_earth_spirit_5"
"7658","special_bonus_unique_enigma_5"
"7659","special_bonus_unique_grimstroke_5"
"7660","special_bonus_unique_jakiro_5"
"7661","special_bonus_unique_earth_spirit_6"
"7662","special_bonus_unique_earth_spirit_7"
"7670","special_bonus_cleave_175"
"7701","void_spirit_aether_remnant"
"7705","void_spirit_astral_step"
"7706","special_bonus_unique_void_spirit_1"
"7707","special_bonus_unique_void_spirit_2"
"7708","special_bonus_unique_void_spirit_3"
"7709","special_bonus_unique_void_spirit_4"
"7710","void_spirit_resonant_pulse"
"7711","special_bonus_unique_void_spirit_5"
"7712","special_bonus_unique_void_spirit_6"
"7713","special_bonus_unique_void_spirit_7"
"7714","special_bonus_unique_void_spirit_8"
"7715","special_bonus_unique_void_spirit_9"
"7739","primal_beast_rock_throw"
"7740","special_bonus_unique_primal_beast_roar_dispells"
"7741","special_bonus_unique_primal_beast_onslaught_damage"
"7742","special_bonus_unique_primal_beast_trample_attack_damage"
"7743","special_bonus_unique_primal_beast_pulverize_duration"
"7744","special_bonus_unique_primal_beast_uproar_armor"
"7804","seasonal_throw_snowball"
"7806","seasonal_summon_snowman"
"7807","seasonal_decorate_tree"
"7809","seasonal_festive_firework"
"7810","frostivus2018_throw_snowball"
"7812","frostivus2018_summon_snowman"
"7813","frostivus2018_decorate_tree"
"7814","seasonal_summon_penguin"
"7815","frostivus2018_festive_firework"
"7816","consumable_hidden"
"7817","seasonal_summon_cny_balloon"
"7818","seasonal_summon_dragon"
"7819","seasonal_summon_cny_tree"
"7820","seasonal_firecrackers"
"7821","seasonal_summon_ti9_balloon"
"7822","seasonal_ti9_banner"
"7823","seasonal_ti9_instruments"
"7824","seasonal_ti9_shovel"
"7825","seasonal_ti9_monkey"
"7826","courier_queue_pickup_from_stash"
"7827","courier_dequeue_pickup_from_stash"
"7828","ad_special_bonus_gold_lvl10_l"
"7829","ad_special_bonus_gold_lvl15_l"
"7830","ad_special_bonus_gold_lvl20_l"
"7831","ad_special_bonus_gold_lvl25_l"
"7832","ad_special_bonus_gold_lvl10_r"
"7833","ad_special_bonus_gold_lvl15_r"
"7834","ad_special_bonus_gold_lvl20_r"
"7835","ad_special_bonus_gold_lvl25_r"
"7836","invoker_cold_snap_ad"
"7837","invoker_ghost_walk_ad"
"7838","invoker_tornado_ad"
"7839","invoker_emp_ad"
"7840","invoker_alacrity_ad"
"7841","invoker_sun_strike_ad"
"7842","invoker_forge_spirit_ad"
"7843","invoker_chaos_meteor_ad"
"7844","invoker_ice_wall_ad"
"7845","invoker_deafening_blast_ad"
"7850","tiny_tree_channel"
"7851","spectre_haunt_single"
"7852","grimstroke_dark_portrait"
"7853","templar_assassin_trap_teleport"
"7854","arc_warden_scepter"
"7855","clinkz_scepter"
"7859","special_bonus_unique_dark_willow_3"
"7861","special_bonus_unique_terrorblade_4"
"7864","slardar_scepter"
"7865","troll_warlord_scepter"
"7869","special_bonus_unique_chen_5"
"7871","special_bonus_unique_slardar_4"
"7873","special_bonus_mp_regen_250"
"7878","special_bonus_unique_clinkz_4"
"7888","special_bonus_unique_windranger_7"
"7889","special_bonus_unique_windranger_8"
"7890","special_bonus_unique_windranger_9"
"7891","special_bonus_unique_tusk_6"
"7892","special_bonus_unique_sniper_6"
"7893","special_bonus_attack_speed_175"
"7894","special_bonus_unique_chen_6"
"7895","special_bonus_unique_clinkz_5"
"7896","special_bonus_lifesteal_40"
"7897","special_bonus_unique_wisp_7"
"7898","special_bonus_unique_tinker_4"
"7899","special_bonus_cleave_35"
"7902","dawnbreaker_fire_wreath"
"7903","dawnbreaker_converge"
"7906","dawnbreaker_solar_guardian"
"7911","special_bonus_unique_windranger_10"
"7914","dawnbreaker_celestial_hammer"
"7918","dawnbreaker_luminosity"
"7930","special_bonus_unique_dawnbreaker_solar_guardian_radius"
"7931","special_bonus_unique_dawnbreaker_fire_wreath_cooldown"
"7932","special_bonus_unique_dawnbreaker_converge_slow"
"7933","special_bonus_unique_dawnbreaker_celestial_hammer_damage"
"7934","special_bonus_unique_dawnbreaker_celestial_hammer_cast_range"
"7935","special_bonus_unique_dawnbreaker_fire_wreath_ministun"
"7936","special_bonus_unique_storm_spirit_6"
"7937","special_bonus_unique_dawnbreaker_luminosity_crit"
"7938","special_bonus_unique_dawnbreaker_solar_guardian_cooldown"
"7939","special_bonus_unique_dawnbreaker_fire_wreath_charges"
"7940","special_bonus_unique_dawnbreaker_luminosity_attack_count"
"7941","special_bonus_unique_dawnbreaker_fire_wreath_swipe"
"7942","special_bonus_unique_dawnbreaker_celestial_hammer_slow"
"7968","high_five"
"7977","special_bonus_unique_tidehunter_6"
"7978","special_bonus_unique_tidehunter_7"
"7979","special_bonus_unique_tidehunter_8"
"8000","grimstroke_dark_artistry"
"8001","special_bonus_unique_grimstroke_1"
"8002","special_bonus_unique_grimstroke_2"
"8003","special_bonus_unique_grimstroke_3"
"8004","special_bonus_unique_grimstroke_4"
"8005","special_bonus_gold_income_210"
"8006","grimstroke_ink_creature"
"8007","grimstroke_spirit_walk"
"8010","special_bonus_unique_drow_ranger_5"
"8011","special_bonus_lifesteal_35"
"8017","special_bonus_attack_damage_160"
"8018","special_bonus_mana_reduction_9"
"8019","seasonal_ti10_portal"
"8020","seasonal_ti10_disco_ball"
"8021","seasonal_ti10_disco_ball_channel"
"8022","seasonal_ti10_soccer_ball"
"8023","seasonal_ti10_hot_potato"
"8024","seasonal_ti10_hot_potato_throw_existing_potato"
"8025","seasonal_diretide2020_high_five"
"8026","special_bonus_unique_phantom_assassin_8"
"8027","pangolier_rollup"
"8028","lich_ice_spire"
"8029","pangolier_rollup_stop"
"8030","faceless_void_time_walk_reverse"
"8032","crystal_maiden_freezing_field_stop"
"8033","special_bonus_unique_broodmother_5"
"8034","plus_high_five"
"8035","plus_guild_banner"
"8036","seasonal_10th_anniversary_party_hat"
"8037","dawnbreaker_land"
"8038","special_bonus_unique_zeus_5"
"8039","special_bonus_unique_tinker_7"
"8040","special_bonus_unique_spectre_6"
"8041","special_bonus_unique_earthshaker_5"
"8106","hoodwink_sharpshooter"
"8107","hoodwink_decoy"
"8158","hoodwink_bushwhack"
"8159","hoodwink_sharpshooter_release"
"8192","marci_grapple"
"8198","marci_unleash"
"8203","necronomicon_archer_purge"
"8234","marci_guardian"
"8235","marci_companion_run"
"8236","special_bonus_unique_marci_lunge_ally_absorb"
"8237","special_bonus_unique_marci_lunge_damage"
"8238","special_bonus_unique_marci_grapple_stun_duration"
"8239","special_bonus_unique_marci_guardian_magic_immune"
"8240","special_bonus_unique_marci_unleash_flurry_crits"
"8241","special_bonus_unique_marci_unleash_silence"
"8242","special_bonus_unique_marci_guardian_lifesteal"
"8243","special_bonus_unique_marci_lunge_range"
"8244","special_bonus_unique_marci_unleash_pulse_lunge_refresh"
"8245","special_bonus_unique_marci_lunge_cooldown"
"8246","special_bonus_unique_marci_grapple_damage"
"8247","special_bonus_unique_silencer_arcane_curse_undispellable"
"8249","roshan_teleport"
"8251","special_bonus_unique_abaddon_immolation"
"8252","special_bonus_unique_clockwerk_flare_damage"
"8253","undying_tombstone_unit_grab"
"8254","special_bonus_unique_spirit_breaker_shield"
"8255","special_bonus_unique_dazzle_shadow_wave_cast_range"
"8340","dark_willow_terrorize"
"8347","special_bonus_unique_marci_dispose_range"
"8351","special_bonus_hp_regen_35"
"8429","hoodwink_acorn_shot"
"8432","special_bonus_unique_enchantress_6"
"8482","special_bonus_unique_timbersaw_5"
"8873","twin_gate_portal_warp"
"9060","special_bonus_unique_pangolier_3"
"9061","special_bonus_unique_pangolier_4"
"9062","special_bonus_unique_pangolier_5"
"9063","special_bonus_unique_pangolier"
"9135","special_bonus_unique_pangolier_6"
"9140","muerta_grave_tracker"
"9142","muerta_grave_visitation"
"9268","special_bonus_unique_meepo_7"
"9269","special_bonus_unique_meepo_8"
"9391","special_bonus_unique_pangolier_7"
"9401","special_bonus_unique_axe_8"
"9418","special_bonus_unique_leshrac_7"
"9501","hoodwink_scurry"
"9505","special_bonus_unique_hoodwink_camouflage"
"9506","special_bonus_unique_hoodwink_sharpshooter_speed"
"9507","special_bonus_unique_hoodwink_sharpshooter_pure_damage"
"9509","special_bonus_unique_hoodwink_acorn_shot_charges"
"9510","special_bonus_unique_hoodwink_bushwhack_cooldown"
"9511","special_bonus_unique_hoodwink_bushwhack_damage"
"9512","special_bonus_unique_hoodwink_scurry_duration"
"9513","special_bonus_unique_hoodwink_acorn_shot_bounces"
"9627","hoodwink_hunters_boomerang"
"9709","seasonal_ti11_balloon"
"9710","seasonal_ti11_bubble_gun"
"9711","seasonal_ti11_duel"
"9712","seasonal_ti11_conga_line"
"9990","roshan_halloween_candy"
"9991","roshan_halloween_angry"
"9993","roshan_halloween_wave_of_force"
"9994","roshan_halloween_greater_bash"
"9995","roshan_halloween_toss"
"9997","roshan_halloween_shell"
"9998","roshan_halloween_apocalypse"
"9999","roshan_halloween_burn"
