"","hero_name","hero_id","has_scepter","scepter_desc","scepter_skill_name","scepter_new_skill","has_shard","shard_desc","shard_skill_name","shard_new_skill"
0,"npc_dota_hero_antimage",1,True,"Blinks an illusion to the target enemy or location, which attacks for a brief time. Counterspell is replicated on the Blink Fragment illusion. Has 3 Charges.","Blink Fragment",True,True,"Counterspell Ally may be activated to create an anti-magic shell around an allied hero that blocks and sends any targeted spells back towards enemies instead. Any time a spell is reflected by Counterspell or Counterspell Ally, an illusion of Anti-Mage will be created next to the enemy.","Counterspell Ally",True
1,"npc_dota_hero_axe",2,True,"Battle Hunger also reduces enemy armor and grants Axe armor per affected target.","Battle Hunger",False,True,"Counter Helix now applies a stacking debuff to enemies hit by it that causes them to deal less total attack damage to Axe. Counter Helix no longer has a cooldown.","Counter Helix",False
2,"npc_dota_hero_bane",3,True,"Reduces Fiend's Grip cooldown by 45. Fiend's Grip now creates two uncontrollable illusions that are also channeling Fiend's Grip on the target. Illusions take 200% incoming damage and immediately die if they are interrupted. Damage does not stack.","Fiend's Grip",False,True,"Reduces cooldown by 3. Causes Brain Sap to become a 550 AoE spell. Secondary targets only heal for 30%.","Brain Sap",False
3,"npc_dota_hero_bloodseeker",4,True,"Bloodseeker sprays his blood continuously in the area around him, losing health to damage and slow his enemies. While active, Thirst's healing is increased. Cannot be turned off while on cooldown. Additionally, passively turns all your overheal from your own abilities into an all damage barrier up to 50% of Bloodseeker's Max Health. Barrier amount decays by 0.5% per second.","Blood Mist",True,True,"Bloodrage attacks now deal 30 pure damage and heals Bloodseeker for that amount. Only works for Bloodseeker.","Bloodrage",False
4,"npc_dota_hero_crystal_maiden",5,True,"Allows you to move, cast and attack during Freezing Field. Can still be interrupted by enemies. You move 75% slower during this. Increases total number of explosions by 20%. Applies Frostbite to any unit that has been standing in the Freezing Field for over 2.5s.","Freezing Field",False,True,"Slides backward, creating a crystal clone of herself in her place and disjointing incoming projectiles. If the clone takes enough damage or times out, it shatters, Frostbiting enemies in a 450 AoE around its place. The Clone can also be destroyed by Crystal Maiden's own spells.","Crystal Clone",True
5,"npc_dota_hero_drow_ranger",6,True,"Frost Arrows now apply a Hypothermia stack to enemies, increasing damage from Frost Arrows and reducing their regeneration per stack. If an enemy dies with Hypothermia stacks, they burst and deal damage per stack and slow in an area around it.","Frost Arrows",False,True,"Drow Ranger creates a hill of ice beneath her. While standing on the hill, attackers gain bonus attack range and high ground advantage - they cannot miss and gain flying vision. Drow Ranger additionally gets bonus Multishot arrows per wave while on the hill. The front of the hill obscures vision and cannot be moved through except by Drow Ranger. Does not interrupt Multishot when cast","Glacier",True
6,"npc_dota_hero_earthshaker",7,True,"Enchant Totem becomes a ground target ability, causing Earthshaker to jump in the air and land at the target spot, casting Enchant Totem there.  Self-casting the ability will behave in the original form, without jumping. Grants Enchant Totem a cleaving attack.","Enchant Totem",False,True,"Reduces Fissure cooldown and allows Earthshaker to walk on it. When he casts any ability, an Aftershock is released along its path that stuns for a shortened duration.","Fissure",False
7,"npc_dota_hero_juggernaut",8,True,"Performs a short Omnislash for 1 seconds.","Swiftslash",True,True,"Increases Blade Fury radius, and slows enemies by 35%.","Blade Fury",False
8,"npc_dota_hero_mirana",9,True,"Causes Sacred Arrow to release a Starstorm on enemies along the travel path of the primary arrow, releasing a second Starstorm that deals less damage to the impacted unit.","Sacred Arrow",False,True,"Upon landing, launches a projectile along Sagan's leap path, dealing damage and slowing units affected and guarantees them to be hit with a secondary Starstorm if that spell is cast. Leap does not break Moonlight Shadow invisibility.

 Can be put on alt-cast to choose the distance and facing direction of the jump. 

Grants 1 bonus charge(s).","Leap",False
9,"npc_dota_hero_morphling",10,True,"Adds an alt-cast to Morph. When enabled, a strong illusion is created of the target hero that can cast all of the hero's basic abilities. If the illusion is alive when Morphling toggles the ability, he will take the place of the illusion, destroying it.","Morph",False,True,"Morphling can shift attributes while stunned.","Attribute Shift (Strength Gain)",False
10,"npc_dota_hero_nevermore",11,True,"Reduces cooldown and causes Requiem of Souls to return back to Shadow Fiend. The wave back to Shadow Fiend deals less damage, but heals Shadow Fiend for all the damage it dealt.","Requiem of Souls",False,True,"Shadow Fiend gains an extra soul per kill. Shadow Fiend can consume a soul per attack to deal critical damage and fear the target.","Necromastery",False
11,"npc_dota_hero_phantom_lancer",12,True,"Spirit Lance bounces twice on enemies, prioritizing Heroes. Increases Spirit Lance illusion damage.","Spirit Lance",False,True,"Adds an active ability to Juxtapose. Renders Phantom Lancer invisible for up to 8 seconds while generating a duplicate image to confuse enemies. His movement speed is increased by 15% during this invisibility.","Juxtapose",False
12,"npc_dota_hero_puck",13,True,"All enemies affected by Dream Coil are attacked based on Puck's attack rate. The attacks continue while the target is stunned if they break the Dream Coil.","Dream Coil",False,True,"Puck's attacks deal bonus magic damage. Puck attacks all enemies within its attack range + 200 every time it phase shifts.","Phase Shift",False
13,"npc_dota_hero_pudge",14,True,"Increases Rot radius and damage, and causes it to reduce enemy health regen.","Rot",False,True,"Decreases cooldown, and allows targeting an ally with bonus cast range to swallow them and heal them for a percentage of their max health per second.","Dismember",False
14,"npc_dota_hero_razor",15,True,"Causes Eye of the Storm to strike two different units instead of one and can damage structures. When striking buildings, it will only target towers, barracks, and the Ancient.","Eye of the Storm",False,True,"Increases Cast Range. Allows Static Link to be put on alt-cast to pull Razor and his Target towards at each other at a speed of 100.","Static Link",False
15,"npc_dota_hero_sand_king",16,True,"Every 0.2s, 2 Burrowstrike spines are created at random locations, each measuring 10% of the Sand Storm's current radius, that apply Burrowstrike damage and stun to enemies hit.","Sand Storm",False,True,"Increases Epicenter Pulse damage, and every 3.5s causes a small single Epicenter Pulse around Sand King.","Epicenter",False
16,"npc_dota_hero_storm_spirit",17,True,"Electric Vortex affects all enemies within a radius around Storm Spirit.","Electric Vortex",False,True,"Can be activated to grant Storm Spirit and nearby allied heroes 3 Overload charges. Provides bonus Attack Speed. Lasts up to 12 seconds or until the charges are depleted.","Overload",False
17,"npc_dota_hero_sven",18,True,"Increases cast range and applies a basic dispel on the target. Can be cast on invulnerable targets. If alt-cast, it deals an additional 180 damage and Sven travels with the Storm Hammer.","Storm Hammer",False,True,"Warcry is now undispellable and passively grants 6 armor and 3% movement speed to all allies near Sven.","Warcry",False
18,"npc_dota_hero_tiny",19,True,"CHANNELED - Tiny channels to throw random trees within range towards the targeted area. Deals Tiny's attack damage to enemies in that area with each tree thrown.","Tree Volley",True,True,"Increases damage dealt by thrown trees by %bonus_bonus_damage%.","Tree Throw",False
19,"npc_dota_hero_vengefulspirit",20,True,"Upon death, creates a strong illusion of Vengeful Spirit that deals and takes full damage and can cast all of her spells. If the illusion is alive when Vengeful Spirit respawn, she will take its place. XP earned by her illusion is given to her. Strong Illusions are not instantly killed by spells.","Vengeance Aura",False,True,"Bounces once on an enemy, prioritizing heroes, within 75% of Magic Missile's current cast range from the first target.","Magic Missile",False
20,"npc_dota_hero_windrunner",21,True,"Windrun reduces physical damage taken by 45%, and grants invisibility that is not broken by attacking or casting spells.","Windrun",False,True,"Vector Targeted. Summons a strong wind that pushes all enemies in the target area towards the target direction.","Gale Force",True
21,"npc_dota_hero_zuus",22,True,"Creates a storm cloud anywhere on the map that automatically casts Lightning Bolt on nearby enemies.","Nimbus",True,True,"Zeus gains bonus attack range and his attacks create Arc Lightnings that deal a percentage of its damage. Can be toggled off to stop this effect.","Lightning Hands",True
22,"npc_dota_hero_kunkka",23,True,"Releases a visible Torrent in a random area within 1100 range of the target position once every 0.25 for 4.0 seconds.","Torrent Storm",True,True,"Releases a Tidal Wave that spawns behind Kunkka. Deals damage and drags enemies along it for the duration. Enemies cannot attack while being dragged.","Tidal Wave",True
23,"npc_dota_hero_lina",25,True,"Grants Lina unobstructed movement and increases her spell damage and magic resistance. Grants max fiery soul stacks on activation.","Flame Cloak",True,True,"Lina's abilities deal 20 more damage for each Fiery Soul Charge.","Fiery Soul",False
24,"npc_dota_hero_lion",26,True,"Increases damage. Decreases cooldown. Finger of Death hits all units in a small area.","Finger of Death",False,True,"Causes Mana Drain to affect up to 2 additional enemies and gets +400 additional break distance. Lion becomes Debuff Immune with 80% magic resistance while channeling.","Mana Drain",False
25,"npc_dota_hero_shadow_shaman",27,True,"Causes Serpent Wards to have split shot, attacking two units for full damage.","Mass Serpent Ward",False,True,"Shackles creates 4 Serpent Wards attacking the target. Increases Shackles cast range by 75. Serpent wards lasts 6 seconds.","Shackles",False
26,"npc_dota_hero_slardar",28,True,"Increases Slithereen Crush puddle radius and duration.","Slithereen Crush",False,True,"Increases Slithereen Crush radius, and causes it to apply Corrosive Haze for a short time to units affected.","Slithereen Crush",False
27,"npc_dota_hero_tidehunter",29,True,"Gush becomes a ground targeted wave ability that affects enemy units in a line.  Decreases cooldown.","Gush",False,True,"Tidehunter attaches a heavy anchor to an enemy hero. The hero is leashed while attached to the anchor. Attempting to move more than 350 units away from the anchor forces the hero to 100 move speed, dragging the anchor behind them. The anchor can be destroyed with 4 hero attacks.","Dead in the Water",True
28,"npc_dota_hero_witch_doctor",30,True,"Death Ward attacks have True Strike and bounce between nearby enemies.","Death Ward",False,True,"Turns Witch Doctor into a Death Ward briefly with reduced attack speed. He is hidden during this time.","Voodoo Switcheroo",True
29,"npc_dota_hero_lich",31,True,"Sinister Gaze becomes an Area of Effect ability, affecting units within a radius of 400 in the target area. Sinister Gaze allows Lich to cast other abilities while channeling it.","Sinister Gaze",False,True,"Creates an Ice Spire at the target spot, slowing enemies around it. Can take 5 hero hits or 10 creep hits and when destroyed it will create a Frost Blast around it.

Chain Frost can bounce to the Spire if there are no other enemies in range.

Lich can cast Frost Shield on the Spire. Each Frost Shield tick will heal the spire by 1 hero attack.","Ice Spire",True
30,"npc_dota_hero_riki",32,True,"Increases cast range, number of attacks and allows you to target an allied hero, hiding inside them for the duration.  Each attack hits an additional target.","Tricks of the Trade",False,True,"Enemies caught in the smoke screen have their armor reduced by 5 and cannot be targeted by their allies.","Smoke Screen",False
31,"npc_dota_hero_enigma",33,True,"Black Hole deals additional damage equivalent to 3.5% of the unit's Max Health per second and does a non-interrupting pull towards it in a 1200 AoE. Pulls at a rate of 175.","Black Hole",False,True,"Increases Malefice stun duration by 0.35s and creates an Eidolon next to the target every instance of Malefice stun. These Eidolons will not multiply further.","Malefice",False
32,"npc_dota_hero_tinker",34,True,"Upgrades Tinker's Laser into a Shrink Ray, granting +200 cast range and reducing the main target's size, current health, and maximum health by 10% (stacking) if it's a hero. The laser bounces once on the farthest target up to 700 range from the primary one, prioritizing heroes.","Laser",False,True,"Throws a flare towards an enemy, dealing damage, teleporting them away, rooting them and reducing their Cast and Attack Range for 3 seconds.","Warp Flare",True
33,"npc_dota_hero_sniper",35,True,"Causes Assassinate to fire quicker and stun the enemy target.","Assassinate",False,True,"Launches a grenade at the target area, dealing damage to enemies and knocking them and Sniper himself back. Enemies affected are disarmed and have their movement slowed after the knockback.","Concussive Grenade",True
34,"npc_dota_hero_necrolyte",36,True,"Heartstopper Aura's Health Decay is increased by 50% of Necrophos's current health regeneration.","Heartstopper Aura",False,True,"Necrophos turns into a large Death Pulse towards the target unit's position. Once it arrives to the location, the Death Pulse spreads towards nearby enemies and allies.","Death Seeker",True
35,"npc_dota_hero_warlock",37,True,"Calls 2 Golems with reduced stats and bounty.","Chaotic Offering",False,True,"While channeling, Warlock spawns an imp every 2 seconds that lasts for 15 seconds and explode dealing damage to all enemies around them upon death.","Upheaval",False
36,"npc_dota_hero_beastmaster",38,True,"Attacks from Beastmaster or a nearby unit he controls will cause him bang his drum, dealing damage to nearby units and  healing Beastmaster and units under his control for a portion of the damage dealt. Every attack decreases the interval between drum hits down to a minimum of 0.4s between hits after 20 attacks. If no attacks are made, the intervals gradually increase.

Using Primal Roar counts as 10/15/20 attacks, based on the current level of Primal Roar.","Drums of Slom",True,True,"Reduces Hawk cooldown by 10s and summons an additional Hawk.","Call of the Wild Hawk",False
37,"npc_dota_hero_queenofpain",39,True,"Causes Shadow Strike to become a 375 AoE Spell, and have increased initial damage. When Shadow Strike ends or is re-applied to an enemy Hero, the target emits a Scream of Pain, hitting any nearby enemies.","Shadow Strike",False,True,"Releases a sonic boom when Queen of Pain blinks, at both her starting and ending locations. Deals 125 damage in a 300 AoE and silences the target for 1.75 seconds.","Blink",False
38,"npc_dota_hero_venomancer",40,True,"Whenever Venomancer dies or the effects of Venomous Gale end prematurely on an enemy hero, a spreading ring of poison erupts. Enemies hit by the poison will take non-lethal magic damage over time and have their magic resistance reduced. This effect can trigger every 10 seconds and cannot be refreshed.","Poison Nova",True,True,"Applies a weak poison that minorly slows and deals damage to its target. If this poison is dispelled in any way, the target will receive a large amount of damage and be stunned.","Latent Toxicity",True
39,"npc_dota_hero_faceless_void",41,True,"Applies a Time Lock to all units at the landing destination.","Time Walk",False,True,"Available for 1.5 seconds after landing Time Walk. If used in this period, you will reverse your time walk back to your previous cast location. Does not affect health or proc scepter hits.","Reverse Time Walk",True
40,"npc_dota_hero_skeleton_king",42,True,"Reduces cooldown. If a nearby allied hero is slain, they will be transformed into a wraith and have their death delayed and gain bonus attack and movement speed. Heroes who die this way respawn at a faster rate.","Reincarnation",False,True,"Causes Reincarnation to have no mana cost and increases Skeleton Spawn count.","Reincarnation",False
41,"npc_dota_hero_death_prophet",43,True,"Whenever an enemy is affected by Death Prophet's spells or when she attacks an enemy, a ghost will fly out, slow and hit the enemy for an increased bonus of its usual damage then return to her with life.","Exorcism",False,True,"Increases Spirit Siphon charges by 1 and causes enemies to be feared for 1.0 seconds if they are siphoned for 3 seconds consecutively.","Spirit Siphon",False
42,"npc_dota_hero_phantom_assassin",44,True,"Causes Blur to have instant cast time and applies a dispel. Any time Phantom Assassin gets a hero kill, her abilities are refreshed. Reduces cooldown.","Blur",False,True,"Phantom Assassin releases sharp blades around her, dealing a percentage of each victim's max health on impact and applying Break.","Fan of Knives",True
43,"npc_dota_hero_pugna",45,True,"Reduces cooldown by 3.5s. When targeting an enemy hero, Pugna reduces their outgoing spell damage by 8% per second up to a maximum of 75% and increases his own, up to a maximum of 100%. When draining through a Nether Ward using Shard, the rate of increase/decrease is 4% instead. Debuff lasts 8 seconds.","Life Drain",False,True,"Life Drain can target your Nether Ward, causing life drain to refract to all enemy heroes within 700 units of the ward for 75% of its normal value. The effect is interrupted if the ward is destroyed.","Life Drain",False
44,"npc_dota_hero_templar_assassin",46,True,"CHANNELED - Allows Templar Assassin to teleport to any Psionic Trap after channeling for 1.5 seconds, detonating it upon arrival as if it was fully charged and instantly dealing 200 bonus damage. Channeling Psionic Projection does not break Meld.","Psionic Projection",True,True,"Increases max trap count and trap vision range.  When activated, traps now silence affected enemies.","Psionic Trap",False
45,"npc_dota_hero_viper",47,True,"Viper slams into the ground, disarming each enemy in a 500 AoE for 4 seconds and splattering everyone in a 1200 AoE with the effect of Corrosive Skin.","Nosedive",True,True,"Increases max stacks, and causes Poison Attack to lower armor per stack and to affect buildings for reduced damage.","Poison Attack",False
46,"npc_dota_hero_luna",48,True,"Allows Luna to cast Eclipse on an allied unit or herself and have its effects follow them, or cast it on an area. Also increases total beams, reduces duration, removes the limit on beams per unit, and makes the beams appear twice as fast.","Eclipse",False,True,"Moon Glaives can be activated to create 4 glaives that rotate in a 175 radius around Luna for 7 seconds, reducing damage she takes by 25%. Any unit that collides with a glaive will take 75% of Luna's Attack Damage.","Moon Glaives",False
47,"npc_dota_hero_dragon_knight",49,True,"Increases the level of Dragon Knight's ultimate. Adds a 4th level, Black Dragon. Black Dragon has bonus Corrosive Damage, Splash Damage and Slow amount, 25% increased Magic Resistance and free pathing.","Elder Dragon Form",False,True,"Ignites an area, dealing damage over time that lingers on enemies in it. Has reduced cast range when melee.","Fireball",True
48,"npc_dota_hero_dazzle",50,True,"Shadow Wave can now target and bounce between enemies in addition to allies. When bouncing to an enemy, they will take damage and heal nearby allies equal to 150% of the normal healing and damage values. Dazzle will also perform an attack against any enemy that Shadow Wave bounces to.","Shadow Wave",False,True,"Causes Poison Touch to hex affected targets for 1.6 seconds.","Poison Touch",False
49,"npc_dota_hero_rattletrap",51,True,"Supercharges Clockwerks abilities: Battery Assault affects all enemies in its range; Clockwerk's attack speed in Power Cogs is increased; Rocket Flares have a reduced cooldown and fire additional rockets to either side of the target; Hookshot stun radius and duration is increased; Jetpack moves faster. Clockwerk's movement and attack speed becomes slowed to a crawl after the duration runs out.","Overclocking",True,True,"Clockwerk activates a jetpack, gaining flying movement, flying vision, and bonus movement speed. Clockwerk has a severely-limited turn rate during this time and cannot attack. Jetpack is cancelled upon casting Hookshot.","Jetpack",True
50,"npc_dota_hero_leshrac",52,True,"Causes Leshrac and all nearby enemies to turn ethereal, preventing them from attacking, slowing them, and making them take more magic damage. Increases Leshrac's speed rather than reducing it. Does not cause Leshrac to take amplified damage.","Nihilism",True,True,"Causes Split Earth to repeat in the same location 3 additional times, with a 5 second delay between each one. Each time the radius increases by 45. Split Earth echo location is visible to both teams.","Split Earth",False
51,"npc_dota_hero_furion",53,True,"Lowers cooldown by 25s. Entangles all enemies it hits. Duration scales from 2s up to 3.8s seconds at max bounce.","Wrath of Nature",False,True,"Applies a curse on all enemy heroes within 1200 range, displaying them in fog, slowing them, and causing damage over time based on the number of trees within 250 radius. Treants count as trees for this purpose.","Curse of the Oldgrowth",True
52,"npc_dota_hero_life_stealer",54,True,"Increases cast range and reduces cooldown to =20s.  Infest may target enemy heroes for a short duration, disarming them and attacking them from the inside while increasing Lifestealer's regeneration rate.","Infest",False,True,"Lifestealer rends an enemy unit, slowing the victim's movement speed and allowing all allies to regain health for a percentage of the damage they deal to that unit. All damage dealt will steal life, including damage from spells. The victim recovers movement speed over the duration. Deals 2% of the target's max health per attack on the target from real heroes. After receiving 500 damage, the Open Wounds fester and spread to a non-infected random enemy within 700 radius.","Open Wounds",True
53,"npc_dota_hero_dark_seer",55,True,"Passive ability. Causes Dark Seer's next attack on a hero to have True Strike, knock a replica out of the victim, damaging and stunning them based on how far Dark Seer has moved in the past 3.0 seconds. Max power is reached after 1100 distance moved.","Normal Punch",True,True,"Surged units leave behind a 150 radius trail that lasts 7s, slows enemies around it by -50% and deals 35 damage per second in 0.5s intervals. Can be put on alt-cast to disable the trail.","Surge",False
54,"npc_dota_hero_clinkz",56,True,"Summons a row of Burning Skeleton Archers in the target location.","Burning Army",True,True,"CHANNELED - Clinkz channels and shoots multiple piercing arrows in the target direction that hit all enemy units dealing a percentage of Clinkz' attack damage and applying attack modifiers, and dousing enemies with Tar Bomb slow.","Burning Barrage",True
55,"npc_dota_hero_omniknight",57,True,"Grants one extra charge and global cast range. Always casts a Guardian Angel on self as well as the selected target","Guardian Angel",False,True,"Omniknight is healed for 30% of the damage dealt by Hammer of Purity. Every 6 seconds, his next attack will fire a Hammer of Purity at the target.","Hammer of Purity",False
56,"npc_dota_hero_enchantress",58,True,"Enchantress roots an enemy unit. All creeps, ally, enemy and neutral within a radius will gain bonus movement and attack speed and attack the chosen target for 6 seconds.","Little Friends",True,True,"Leaps backward, dodges incoming projectiles, and launches an Impetus attack on the 2 furthest enemy units within Enchantress' attack range + 100.","Sproink",True
57,"npc_dota_hero_huskar",59,True,"Forces the enemy target to attack Huskar and increases cast range.","Life Break",False,True,"Lowers Inner Fire cooldown and causes it to apply a movement speed slow and heal Huskar for a percentage of the damage dealt to enemies.","Inner Fire",False
58,"npc_dota_hero_night_stalker",60,True,"Void becomes an area of effect ability. Increases the mini-stun duration and leaves behind a void zone. While in the zone, all of Night Stalker's abilities are empowered with their night time effect.","Void",False,True,"Hunter in the Night may be cast on a creep, instantly killing it and restoring some of Night Stalker's maximum health and mana. Cannot target ancients during the daytime.","Hunter in the Night",False
59,"npc_dota_hero_broodmother",61,True,"Broodmother may create up to 5 invisible web lines touching any existing web. Enemy Heroes that cross the web line will spring the trap, becoming rooted, revealed in fog, and take damage over time.  Multiple Heroes can trip on the same line until it's destroyed after being initially triggered.  Broodmother's team is alerted via the minimap when an enemy has triggered the snare.","Spinner's Snare",True,True,"Increases duration. While Hunger is active, the bonus damage is increased by 4% every 1s.","Insatiable Hunger",False
60,"npc_dota_hero_bounty_hunter",62,True,"Increases cast range and applies Jinada on hit.","Shuriken Toss",False,True,"Applies Shadow Walk and all of it's bonuses to the target ally. Allied fade time is 1.0s. Does not break Bounty Hunter's invisibility when cast.","Friendly Shadow",True
61,"npc_dota_hero_weaver",63,True,"Time Lapse may target allied Heroes with 500 cast range.","Time Lapse",False,True,"Shukuchi puts a mark on enemies it damages that last 4.6 seconds. 0.2s after Weaver exits Shukuchi, enemies with a mark within 1200 range will also be attacked with a secondary Geminate attack ","Shukuchi",False
62,"npc_dota_hero_jakiro",64,True,"Increases Macropyre duration, width and causes it to deal Pure damage. Jakiro emits two walls of ice along the edges of the Macropyre that slow any enemies trying to cross them by 60%.","Macropyre",False,True,"Jakiro adds a frost effect to his attack. Enemies hit are slowed for 4.0 seconds and are damaged for a percent of their max health plus a base amount every 1 second for 4.0 seconds.","Liquid Frost",True
63,"npc_dota_hero_batrider",65,True,"Flaming Lasso grabs both its target, as well as the target's nearest allied hero within 650 units. The secondary target is tethered to the first.","Flaming Lasso",False,True,"Flaming Lasso no longer disarms you. Every other attack applies a stack of Sticky Napalm.","Sticky Napalm",False
64,"npc_dota_hero_chen",66,True,"Grants persuaded creeps Martyrdom ability. Sacrifice the life of this unit to heal an ally or damage an enemy with the current level of Hand of God.","Holy Persuasion",False,True,"Allows Holy Persuasion to target Ancient creeps. Can control up to 1/2/3 Ancient creeps based on Hand of God's level. Additionally levels up some abilities of creeps by 1 level.","Holy Persuasion",False
65,"npc_dota_hero_spectre",67,True,"Creates a spectral nemesis to attack each enemy hero. Illusions spawned from this ability follow the same rules as Shadow Step illusions and can also be swapped to by using Reality.","Haunt",True,True,"Dispersion can be activated to increase damage dealt by reflection by 100% for 5s. Cooldown 25. Manacost 50.","Dispersion",False
66,"npc_dota_hero_ancient_apparition",68,True,"Removes cooldown and reduces manacost by 50%.","Chilling Touch",False,True,"Freezes enemies hit with the current level of Cold Feet for 60% of the duration.","Ice Blast",False
67,"npc_dota_hero_doom_bringer",69,True,"Allies in a 300 radius around the doomed target also suffer the effects of Doom. Allows Doom to be self-cast to affect enemies around himself.","Doom",False,True,"Heals Doom and his controlled units for 60% of the damage dealt.","Scorched Earth",False
68,"npc_dota_hero_ursa",70,True,"Reduces cooldown and allows Ursa to use Enrage while disabled.","Enrage",False,True,"Earthshock applies a 1.5 second Enrage on Ursa when cast.","Earthshock",False
69,"npc_dota_hero_spirit_breaker",71,True,"Reduces Charge of Darkness cooldown and makes it pierce debuff immunity.","Charge of Darkness",False,True,"Barathrum distorts the fabric of planar space, increasing his own magic resistance and redirecting the first targeted enemy hero spell in a radius towards him. Effect ends when the first spell is redirected.","Planar Pocket",True
70,"npc_dota_hero_gyrocopter",72,True,"Adds a Side Gunner that at random attacks enemy units near Gyrocopter. When Flak Cannon is active, side gunner attacks 2 units instead. Prioritizes furthest unit away within its range.","Flak Cannon",False,True,"Homing Missiles now constantly fires the current level of Rocket Barrage in a 700 area of effect after 1.0 second of being cast. This Rocket Barrage prioritizes the Homing Missile target.","Homing Missile",False
71,"npc_dota_hero_alchemist",73,True,"Alchemist melts down Aghanim's Scepter to grant an allied hero all Aghanim's Scepter upgrades. Alchemist will gain bonus damage and spell amplification for each gifted Scepter.","Chemical Rage",False,True,"Alchemist throws a potion at an ally, applying a basic dispel and giving them attack speed, movement speed and HP regen.

DISPEL TYPE: Basic Dispel","Berserk Potion",True
72,"npc_dota_hero_invoker",74,True,"Creates a Cataclysm when Sun Strike is double tapped. Puts it on a 100 second cooldown. Creates 2 visible Sun Strikes within %cataclysm_min_range%-%cataclysm_max_range% range of each enemy hero. Additionally Increases the level of Quas, Wex and Exort by 1.","Sun Strike",False,True,"Increases damage for each point of mana drained by EMP and pulls enemy units into the EMP's center at 175 units per second.","E.M.P.",False
73,"npc_dota_hero_silencer",75,True,"Causes Last Word to become an AoE ability.","Last Word",False,True,"Every 4 attacks, Glaives silence the enemy hit for 1.75 seconds. Additionally, it increases the Intelligence stolen per attack by 2 and per kill to 4.","Glaives of Wisdom",False
74,"npc_dota_hero_obsidian_destroyer",76,True,"Damage that would bring Outworld Destroyer below 20% health triggers a strong dispel. In addition, when the effect is triggered Outworld Destroyer consumes of all his mana to create an all damage barrier equal to 75% of his maximum mana that lasts for 15 seconds. This effect can occur every 80 seconds and cannot be refreshed.","Essence Flux",False,True,"Grants additional Mana Capacity steal to Astral Imprisonment. Also allows allies to move at 70% movement speed during Astral Imprisonment (they are visible, but untargettable and can't perform any other actions).","Astral Imprisonment",False
75,"npc_dota_hero_lycan",77,True,"Lycan bites an ally, granting them Shapeshift properties. Lycan and the bitten target gain 30% Lifesteal and share the healing effect of Lifesteal with each other as long as they are within 1200 range of each other.","Wolf Bite",True,True,"Causes one of your creep waves to include one uncontrollable wolf that moves with the wave. Additionally, wolves spawned this way may Cripple towers.","Summon Wolves",False
76,"npc_dota_hero_brewmaster",78,True,"Creates a Brewling based on Brewmaster's current Drunken Brawler Stance. If the Brewling moves 1600 range away from Brewmaster, it can no longer cast spells and is slowed by 50%. Otherwise, all of the Brewling spells have a 100% cooldown penalty. 

A new Brewling cannot be resummoned for 3s if the current one takes damage from enemy Heroes or hero-controlled units. If the Brewling dies, the ability goes on cooldown for 70 seconds.

Only one Brewling can exist at a time. If Brewmaster uses Primal Split, the existing Brewling disappears.","Primal Companion",True,True,"Increases Primal Split duration and allows it to be cancelled early.","Primal Split",False
77,"npc_dota_hero_shadow_demon",79,True,"Cooldown is removed, replaced with 2 charges that replenish every 60 seconds. Also causes Demonic Purge to break its target's passive abilities while active.","Demonic Purge",False,True,"Cleanses the target allied unit, removing negative buffs for the duration.  At the end of the duration, the unit is healed. Units under the effect of Disruption can still be affected by Demonic Cleanse.

DISPEL TYPE: Basic Dispel","Demonic Cleanse",True
78,"npc_dota_hero_lone_druid",80,True,"Lone Druid severs his link to his Spirit Bear, and connects to the target allied hero, sharing the Spirit Link bonuses with them for 20s. Armor sharing and attack speed are increased by 35%. Damage done by the ally heals Lone Druid, as well as the other way around.

 The Spirit Bear is feared for the duration of the transformation, unless he has his own Aghanim's Scepter.","Spirit Link",False,True,"Applies a basic dispel and grants allies in an area around the caster bonus movement and attack speed. Replicates between Lone Druid and Spirit Bear regardless of castability on the other.

DISPEL TYPE: Basic Dispel","Savage Roar",False
79,"npc_dota_hero_chaos_knight",81,True,"Creates an illusion of allied heroes globally. Creates an additional illusion for Chaos Knight as well.","Phantasm",False,True,"Increases  the cast range of Chaos Bolt, and causes it to create a Phantasm illusion to attack the target.","Chaos Bolt",False
80,"npc_dota_hero_meepo",82,True,"In MegaMeepo form, Meepo flings the topmost meepo towards a target within a %AbilityCastRange% range, dealing damage and slowing their movement speed.","MegaMeepo Fling",True,True,"Digs into the ground for a short duration, dispelling Meepo and causing him to become invulnerable and untargetable for 3s. Restores 35% of his max health over that duration.

DISPEL TYPE: Basic Dispel","Dig",True
81,"npc_dota_hero_treant",83,True,"Treant Protector enchants a tree, which grants him unobstructed vision in that location. If Overgrowth is cast, units within a radius of an enchanted tree will be entangled and damaged. Passively causes all trees to respawn much faster.","Eyes In The Forest",True,True,"Causes Treant to move faster and become invisible with Nature's Guise and root enemies upon attacking. Deals damage over time and roots for longer if the attack was near a tree.","Nature's Guise",False
82,"npc_dota_hero_ogre_magi",84,True,"Blasts an enemy unit with a wave of fire, dealing 150 + 1.5x Ogre's Strength in damage and stunning the target. Its mana cost is 35% of Ogre Magi's current mana.","Unrefined Fireblast",True,True,"Creates a shield around the target ally, absorbing a percentage of the damage of next 3 attacks from enemy heroes. When damage is absorbed, a fireball is launched at the attacker. Can be cast on towers.","Fire Shield",True
83,"npc_dota_hero_undying",85,True,"Increases strength steal.","Decay",False,True,"Tombstone can be cast on an allied hero to bunker inside of the tombstone. Heroes that enter the Tombstone cannot leave for 3 seconds nor can they re-enter after leaving. If the tombstone is destroyed with a hero inside, that hero gets stunned for 2 seconds.","Tombstone",False
84,"npc_dota_hero_rubick",86,True,"Increases the number of spells that can be stolen to 2. Increases cast range, and upgrades spells to their Scepter version.","Spell Steal",False,True,"Allows you to target yourself or allies with Telekinesis. Throw range is 35% longer and throw delay is reduced to 0.5 seconds.","Telekinesis",False
85,"npc_dota_hero_disruptor",87,True,"Mutes items.","Static Storm",False,True,"Increases the cast range and strike count of Thunder Strike. It can now also be ground targeted, where it will lie dormant for up to 7 seconds and attach to the first enemy that comes within the radius.","Thunder Strike",False
86,"npc_dota_hero_nyx_assassin",88,True,"Nyx Assassin buries himself beneath the battlefield over a short duration. Once burrowed, Spiked Carapace instantly stuns nearby enemies when cast, the range of Mind Flare and Impale is increased, and Impale's cooldown is decreased. While burrowed, Nyx Assassin is stationary, unable to attack, and invisible. Nyx gains damage reduction from all damage sources.","Burrow",True,True,"Vendetta now moves faster, and a successful Vendetta attack now increases the target's spell damage taken.","Vendetta",False
87,"npc_dota_hero_naga_siren",89,True,"CHANNELED - Naga Siren channels for up to 5 seconds, pulling all units affected by Naga's Ensnare in a 1400 range towards her at a speed of 200.","Reel In",True,True,"Increases duration. Song of the Siren heals allies by 5% of their Max HP per second for its duration.","Song of the Siren",False
88,"npc_dota_hero_keeper_of_the_light",90,True,"Summons Ignis Fatuus at the targeted area. Alternates on and off, drawing enemies closer with its mesmerising flicker.","Will-O-Wisp",True,True,"After a short delay, teleports the targeted friendly hero to your location.  If the targeted friendly hero takes player based damage during this time, the ability is interrupted. Chakra Magic is applied to both Keeper of the Light and Ally upon teleporting","Recall",True
89,"npc_dota_hero_wisp",91,True,"Spirits now passively spawn around Io constantly every second up to the max. Spirits colliding with enemy Heroes slows them briefly. Can be activated to explode spirits.","Spirits",False,True,"Grants Overcharge Slow Resistance. Io also gains Spell Lifesteal and can now share Spell Lifesteal with its tethered target.","Overcharge",False
90,"npc_dota_hero_visage",92,True,"Turns Visage and familiars invisible, granting Visage bonus movement speed and upgrading its movement type to flying. When Visage or its familiars leave invisibility they deal more damage for a short duration. Lasts 35.0 seconds. Invisibility ends when attacking or casting.","Silent as the Grave",True,True,"Grants Visage the ability to cast Gravekeeper's Cloak. Restores up to 25% of your health.","Gravekeeper's Cloak",False
91,"npc_dota_hero_slark",93,True,"Provides charges and increases range.","Pounce",False,True,"Creates a cloud at the target location. All allies inside the radius are hidden and affected by Shadow Dance.","Depth Shroud",True
92,"npc_dota_hero_medusa",94,True,"Causes Mystic Snake to turn enemies hit into stone. Stone duration increases with each bounce of the Mystic Snake.","Mystic Snake",False,True,"When Medusa is targeted with a spell, a single-target Mystic Snake is sent back towards the enemy.","Cold Blooded",True
93,"npc_dota_hero_troll_warlord",95,True,"Causes Whirling Axes (Melee) to dispel Troll Warlord. Reduces cooldown and mana cost.

DISPEL TYPE: Basic Dispel","Whirling Axes (Melee)",False,True,"Increases max Fervor stacks by 4 and grants Troll 20% + 4% chance per Fervor stack of firing an additional ranged attack to any unit within its ranged attack range plus 175.","Fervor",False
94,"npc_dota_hero_centaur",96,True,"Centaur hitches a cart behind him. While active, Centaur gains the benefit of Stampede for the current level of Stampede, and can cast Hitch a Ride on a target ally.","Work Horse",True,True,"Causes Double Edge to slow enemy heroes and increase Centaur's strength per hero hit for a short time. Duration refreshes per stack, up to a max of 5 stacks.","Double Edge",False
95,"npc_dota_hero_magnataur",97,True,"Magnus tosses any enemies in front of him, launching them to his rear. Enemies take damage, spend 0.6 seconds in the air, and are stunned while in the air and an additional amount of time after landing.","Horn Toss",True,True,"Increases range, and causes Shockwave to return towards the caster's original cast location after reaching max length, hitting enemies a second time for 75% of the damage.","Shockwave",False
96,"npc_dota_hero_shredder",98,True,"Reactive Armor can now be activated to get max stacks and 200 damage barrier. Grants Timbersaw 100 + 75 barrier amount per second for each enemy hero within %radius% radius of Timbersaw up to a maximum of 800. After 8 seconds, Timbersaw deals damage to every hero within %explosion_radius% radius equal to 200 + his remaining barrier amount and loses all of his barrier.","Reactive Armor",False,True,"Releases a flame in the direction Timbersaw is facing. Applies a debuff that deals damage per second and slows enemy movement speed. Affects buildings for reduced damage.","Flamethrower",True
97,"npc_dota_hero_bristleback",99,True,"Adds active ability to Bristleback. Bristleback rotates towards the targeted direction and, after 0.5s, forcefully ejects 6 sequential Quill Sprays in a tight conical pattern out of his back every 0.35s. Bristleback's facing is locked during this time, he is disarmed, and his speed is reduced by -40%.","Bristleback",False,True,"Coughs a quill-packed hairball towards the target location. Erupts at the location, hitting enemies with Viscous Nasal Goo stacks and Quill Spray.","Hairball",True
98,"npc_dota_hero_tusk",100,True,"Kicks the closest enemy unit in the drawn direction, stunning, damaging, and slowing them. Also deals damage to all heroes within 250 radius of its landing area. Cooldown is reduced by 50% if kicking a creep.","Walrus Kick",True,True,"Increases depth of Ice Shards, and enemies trapped within an ice shard are slowed and take damage per second.","Ice Shards",False
99,"npc_dota_hero_skywrath_mage",101,True,"When Skywrath Mage casts Mystic Flare, another Mystic Flare will be created on the position of a different random target enemy within 700 range. Heroes will take priority.","Mystic Flare",False,True,"Every time Skywrath Mage deals magic damage to an enemy hero with an ability, he gains a buff that grants bonus Intelligence and Armor. Each charge stacks independently.","Shield of the Scion",True
100,"npc_dota_hero_abaddon",102,True,"Increases duration. While Borrowed Time is active, anytime an ally takes more than 525 damage while within 1200 range of Abaddon, an individual Mist Coil will automatically fire towards that ally.","Borrowed Time",False,True,"Causes Mist Coil to deal Abaddon's attack damage on impact. Increases Curse of Avernus base slow.","Curse of Avernus",False
101,"npc_dota_hero_elder_titan",103,True,"Causes Elder Titan to become debuff immune and gain 50% magic resistance for 2 seconds per affected enemy Hero when the spirit returns.","Astral Spirit",False,True,"Lowers Cooldown. Echo Stomp may be placed on alt-cast to allow Elder Titan to take the place of the Astral Spirit as it completes its stomp.","Echo Stomp",False
102,"npc_dota_hero_legion_commander",104,True,"Increases Duel duration and reduces cooldown.  Legion Commander and her opponent take reduced damage from other sources.","Duel",False,True,"Increases Duel damage by 8 per win. Applies retroactively.","Duel",False
103,"npc_dota_hero_techies",105,True,"Increases radius and duration of Minefield Sign. When an enemy hero walks within %trigger_radius% units of a minefield sign, the 1000 units area around the sign will become a minefield for 10 seconds, dealing damage to enemy units any time they move within its area. Minefield Sign is destroyed after this effect ends.","Minefield Sign",False,True,"Reactive Tazer can be cast on allies and deals damage on detonation. Also deals damage to any enemy that attacks the affected ally.","Reactive Tazer",False
104,"npc_dota_hero_ember_spirit",106,True,"Increases cast range, initial remnant speed, and maximum charges.","Fire Remnant",False,True,"Fire Remnants deal damage per second in an area around them. If an enemy hero dies near Ember Spirit, a Fire Remnant charge will be replenished.","Fire Remnant",False
105,"npc_dota_hero_earth_spirit",107,True,"Earth Spirit temporarily enchants a hero, granting them the properties of a Stone Remnant. After a short duration the remnant shatters, releasing the hero and damaging nearby enemies. < br>
Can be cast on Stone Remnants. Has a 5 second cooldown when used that way.
Has a larger cast range when cast on an ally hero.","Enchant Remnant",True,True,"Can now grab allies.","Geomagnetic Grip",False
106,"npc_dota_hero_abyssal_underlord",108,True,"Summons a Pit of Malice around each of the portals.","Fiend's Gate",False,True,"Firestorm can be allied targeted. When used that way, the Firestorm follows the hero around.  The wave count is increased, and tick rate / duration time occur more quickly.","Firestorm",False
107,"npc_dota_hero_terrorblade",109,True,"Causes a wave to travel outwards in all directions forcing enemy heroes to become Feared upon impact, and grants Terrorblade Metamorphosis for a short time.","Terror Wave",True,True,"Costs part of Terrorblade's current HP to cast, providing Terrorblade and nearby illusions bonus movement and attack speed. Reflection illusions gain 50% of the bonuses. Can't be cast while in Metamorphosis and Metamorphosis will remove Demon Zeal","Demon Zeal",True
108,"npc_dota_hero_phoenix",110,True,"Increases number of attacks to destroy Supernova and allows Phoenix to cast Supernova on an allied hero, bringing both into the sun to be reborn together.","Supernova",False,True,"Allows Sun Ray to be cast during Supernova, and slows affected enemies by 10%.","Sun Ray",False
109,"npc_dota_hero_oracle",111,True,"Causes False Promise to have a 0.15 second fade delay invisibility and grants the ally 25% bonus Spell Damage and 0.25 reduced Base Attack Time.","False Promise",False,True,"Brings forth rain to the target area. Enemies standing in the area receive damage and have reduced heal amplification. Allies in the area heal and have increased incoming heal amplification.","Rain of Destiny",True
110,"npc_dota_hero_winter_wyvern",112,True,"Causes Arctic Burn to be a toggle ability, draining mana every second when active. Removes limit on number of attacks per target. Increases Winter Wyvern's movement speed.","Arctic Burn",False,True,"When Cold Embrace ends, a Splinter Blast goes off at that location, hitting enemies within 1200 range. Reduces cooldown by 4.0 seconds.","Cold Embrace",False
111,"npc_dota_hero_arc_warden",113,True,"Causes Spark Wraiths to spawn a new Spark Wraith after impacting an enemy, which then starts its 2.0 second activation period. The new Spark Wraiths last 15 seconds and has a radius of 225","Spark Wraith",False,True,"Magnetic Field pushes enemies out of the area when cast and slows them while they are in it. Also provides allies inside with magic resistance.","Magnetic Field",False
112,"npc_dota_hero_monkey_king",114,True,"Spawns a monkey soldier near Monkey King at regular intervals. Soldiers do not spawn while invisible or on trees. Soldiers only attack buildings when Monkey King himself is nearby. Soldiers can now gain Jingu Mastery charges independently.","Wukong's Command",False,True,"When Boundless Strike is set to alt-cast, Monkey King leaps to the end of his staff as soon as Boundless Strike hits the ground, applying Primal Spring with 60% of the max channeling duration power where he lands.","Boundless Strike",False
113,"npc_dota_hero_dark_willow",119,True,"Attacking no longer takes Dark Willow out of Shadow Realm. Each attack still has bonus damage based on the duration of the buff.","Shadow Realm",False,True,"Cursed Crown creates 4 brambles in a 175 radius around the target after the counter ends. Triggers even upon dispel. Reduces stun delay by 1 second.","Cursed Crown",False
114,"npc_dota_hero_pangolier",120,True,"Causes Shield Crash to cast a 2-attack Swashbuckle every 90 degrees around your hero.","Shield Crash",False,True,"Pangolier curls into an immobile protective ball, gaining debuff immunity, 50% magic resistance, and allowing him to turn. Can be cast during Rolling Thunder to temporarily hit the brakes. Can cast Rolling Thunder and Shield Crash during Roll Up. If enemies attack Pangolier during this, he will roll away from the attacker, applying Rolling Thunder damage/stun if there are enemies in the way.","Roll Up",True
115,"npc_dota_hero_grimstroke",121,True,"Creates an ink illusion of a target enemy hero. Illusion is debuff immune, has 95% magic resistance, and has bonus movement speed and attack damage.","Dark Portrait",True,True,"Causes Ink Swell to deal 30% more damage and heal the target for 30% of the damage Ink Swell deals. Upon expiration, the target will receive a strong dispel.

DISPEL TYPE: Strong Dispel","Ink Swell",False
116,"npc_dota_hero_hoodwink",123,True,"Decreases wind-up time and increases arrow speed.","Sharpshooter",False,True,"Tosses a boomerang in an arc. Upon contact, it returns to Hoodwink.  The boomerang will deal damage as it passes through or hits enemies, and apply a Hunter's Mark that causes affected enemies to be slowed and be more vulnerable to spell damage.","Hunter's Boomerang",True
117,"npc_dota_hero_void_spirit",126,True,"Causes Resonant Pulse to silence and gain 2 charges.","Resonant Pulse",False,True,"Increases Aether Remnant watch range and only pulls enemy hero units. Other units take 30% damage every 1s that they are in the remnant's path, but the remnant is not destroyed. Decreases cooldown to 15s.","Aether Remnant",False
118,"npc_dota_hero_snapfire",128,True,"Mortimer spits out the unit that's in his mouth, causing impact damage and stun in a large area. The glob leaves a pool of firespit that slows and applies damage over time. Spit Out has a no minimum launch range.","Spit Out",True,True,"Firesnap cookies become even more potent, getting increased jump range and launching a Mortimer Kiss that does 50% impact damage to the landing destination.","Firesnap Cookie",False
119,"npc_dota_hero_mars",129,True,"Creates 4 invulnerable soldiers on both sides of Mars front while Bulwark is toggled on. Soldiers move alongside Mars, dealing his attacks that have bonus damage, knock back and slow approaching enemies. An enemy can only be attacked by one soldier at a time.","Bulwark",False,True,"Spear of Mars impales up to two units and leaves a fire trail behind that deals damage over time and slows movement speed.","Spear of Mars",False
120,"npc_dota_hero_dawnbreaker",135,True,"Reduces the channel time and increases the healing and total duration of Solar Guardian's air time. Causes allies in the destination area to have evasion while Dawnbreaker is airborne. Solar Guardian can be cast again after take off to land early. While airborne, the landing point of Solar Guardian can be moved at a speed of 200.","Solar Guardian",False,True,"Dawnbreaker gains debuff immunity, 50% magic resistance, and free movement during Starbreaker. Dawnbreaker is slowed by 25% down to a minimum of 215.","Starbreaker",False
121,"npc_dota_hero_marci",136,True,"Reduces Unleash cooldown by 10.0 seconds and causes Unleash to apply a basic dispel on Marci. While Unleash is Active, all of Marci's abilities unleash pulses when cast. All of Marci's unleash pulses will silence units for 1 seconds.

DISPEL TYPE: Basic Dispel","Unleash",False,True,"Decreases the cooldown of Rebound, it can be cast on enemies, and causes Marci to also get the speed boost when she casts it.","Rebound",False
122,"npc_dota_hero_primal_beast",137,True,"When Primal Beast activates Uproar, he releases 3 waves of 2 projectiles per stack of uproar each in a circle around him. Projectiles deal damage and Break enemies hit. After a short delay, each projectile splinters in two.","Uproar",False,True,"Primal Beast throws a rock at the target location that stuns and damages enemies. The rock cannot be thrown within a minimum range of Primal Beast. After landing, the rock splits into 3 additional fragments that land behind the initial target location.

 Rock Throw increases stacks of Uproar for each hero hit.","Rock Throw",True
123,"npc_dota_hero_muerta",138,True,"Muerta precisely shoots a hero in their soul, separating it from their physical body and knocking it 150 units away.
The soul is untargetable, muted, disarmed, and invulnerable for 4 seconds.
The body is stunned and has 35% damage reduction for this duration.

After the effect ends the hero's soul is forcefully returned to their body applying a strong dispel. The soul will survive until the end of the effect even if the hero is killed.","Parting Shot",True,True,"Muerta gains 30% Spell Lifesteal during Pierce the Veil.
While Pierce the Veil is active Muerta permanently gains 2% spell amplification each time she kills an enemy Hero or they die in her vicinity. Bonus applies retroactively.","Pierce the Veil",False
